file,split,source,source_detail,classes,box_count,sha256
OLD_DATASET_cup_IMG_20260831_084520.jpg,test,dataset_real,user-provided real capture; folder class visually audited,keyboard,1,f43251afc1a9f64a4404839ab9587918c73c29ed1adc7e13788f5869b4278c0e
OLD_DATASET_cup_IMG_20260831_084520_3.jpg,test,dataset_real,user-provided real capture; folder class visually audited,keyboard,1,ff39e999d0259fb1c0090d6bfa27acecc048fb009ea1c417d50386ea5ec72288
OLD_DATASET_cup_IMG_20260831_084520_4.jpg,test,dataset_real,user-provided real capture; folder class visually audited,keyboard,1,588bf4bd61878c830b6f73303d2885e2d83661314345e1008c64cbd454a4f81c
OLD_DATASET_cup_IMG_20260831_084521.jpg,test,dataset_real,user-provided real capture; folder class visually audited,keyboard,1,882cb82408ace6de540014e0724faf058f08988bf134c3ad54ed009c9d9ef2d0
OLD_DATASET_cup_IMG_20260831_084524_5.jpg,test,dataset_real,user-provided real capture; folder class visually audited,keyboard,1,9de3ba3cff036a951dfd628ac9a419f7b53974e00c1ce298539e148a6c3891b2
OLD_DATE_0_10.jpg,test,date_real,user-provided real capture; prefix mapping visually audited,mouse;keyboard;laptop,3,b28917c488017c5ada1d17e378da24a1f42e81af2702077fa61eaf74053b4e13
OLD_DATE_0_11.jpg,test,date_real,user-provided real capture; prefix mapping visually audited,mouse;keyboard;laptop,3,40dc60ab6759b2e9516bf50fd437aadc8bde6d9d17b963f1d74c9c4f5ad0e987
OLD_DATE_0_4.jpg,test,date_real,user-provided real capture; prefix mapping visually audited,mouse;laptop,2,af559daaabc8ecad0ec1533d9a7671f075dd09ba2f564d5715af6a76fe2b28e4
OLD_DATE_0_5.jpg,test,date_real,user-provided real capture; prefix mapping visually audited,mouse;laptop,3,90cb47a580eeb2650548b395fd2e6dae8d69dc21308c1a3e54bb8f6c1f0ef24c
OLD_DATE_0_6.jpg,test,date_real,user-provided real capture; prefix mapping visually audited,mouse;laptop,2,db8f12a35fab86c92f3bde61ec0261e27a5711f58af23c58f04f4b877085c686
OLD_DATE_0_7.jpg,test,date_real,user-provided real capture; prefix mapping visually audited,mouse;laptop,2,3df20431332199e17895fbb254849590520f38fce98fe137a619b24e746684d9
OLD_DATE_0_8.jpg,test,date_real,user-provided real capture; prefix mapping visually audited,keyboard;laptop,2,92bde4c122d7e62abbbac79965cfcd160e714e54af6b08911ecf0498d3221b15
OLD_DATE_0_9.jpg,test,date_real,user-provided real capture; prefix mapping visually audited,keyboard;laptop,2,22325a07290a9299f5f51a71e21835ba696f82fa30c628f5d967af74f29dfc4d
OLD_DATE_1_4.jpg,test,date_real,user-provided real capture; prefix mapping visually audited,,0,e217582ff10d58c67ece476e8e633c618e962168ebc0215f2a24b04ca1ff7c5a
OLD_DATE_1_5.jpg,test,date_real,user-provided real capture; prefix mapping visually audited,,0,917698044f9d4adfc5f93f29a899bf1b3f95a37fa8e2d083a91d826dfdfd84f6
OLD_DATE_1_6.jpg,test,date_real,user-provided real capture; prefix mapping visually audited,,0,d949cb0dfdfa349e73caf60e4795d05c8b6753a2803b1d00bf326ca44a4902ff
OLD_DATE_1_7.jpg,test,date_real,user-provided real capture; prefix mapping visually audited,,0,005aab2d0689b0cbfca1e0447c00d17bfe8ef33769f0cd28d09ca35adc171328
OLD_OIV7_laptop_OI7_LAP_0006_a7e5d2727af4299d.jpg,test,openimages_curated,Open Images V7 validation; curated narrow-class subset,keyboard;laptop,2,245ca65368ad9c8816bfc32275e43a24570872a0e701dca26f569f4856a8b1f2
OLD_OIV7_laptop_OI7_LAP_0008_b6ab01e24cac855b.jpg,test,openimages_curated,Open Images V7 validation; curated narrow-class subset,keyboard;laptop,6,b8381def85e954abf7d91b6805f2809c35df4bacd1dd644f5e23028d14ab0cf3
OLD_OIV7_mouse_OI7_MOU_0004_128f92487d754a0c.jpg,test,openimages_curated,Open Images V7 validation; curated narrow-class subset,mouse,2,c5583b69e5b55d852ba6fb9deaa8bfe77a2af39377527a9e1a4e9786b0d5b54e
OLD_P03_S02_MIX_0006.jpg,test,p03_mixed,initial_ai_or_local,mouse;keyboard;laptop;headphones,4,951567cb15a4e5308981091468bc93b06d52bda880736a8a98a171e1288683d8
OLD_P03_S02_MIX_0011.jpg,test,p03_mixed,legacy_imagegen_independent_base,mouse;headphones,2,cc029924442d369ebfc66f8523136331c9d0a8117b9c860cd4de5f49793d158e
OLD_P03_S02_MIX_0012.jpg,test,p03_mixed,legacy_imagegen_derived_variant,mouse;headphones,2,5da0c6d8ffbba830b34a64bc7dc936c1eba26607d4ec6040efc446d171d613d9
OLD_P03_S02_MIX_0026.jpg,test,p03_mixed,round2_imagegen_independent_base,keyboard;laptop;headphones,3,7cbbef17e5c3ab749dff2e119235b179a679ccd7315da574d640f0cbe7ac613e
OLD_P03_S02_MIX_0027.jpg,test,p03_mixed,round2_imagegen_derived_variant,keyboard;laptop;headphones,3,a63c38eaefc13da9ce0a8b5be81eb90928f223daba8d13cb5af277d4ef2b4ce9
OLD_P03_S02_MIX_0028.jpg,test,p03_mixed,round2_imagegen_derived_variant,keyboard;laptop;headphones,3,42beb0cf5be96541987050d1db4842df2cdf61450789760c6f3245aea9b7ae77
OLD_P03_S02_MIX_0029.jpg,test,p03_mixed,round2_imagegen_independent_base,keyboard;headphones,2,891833563c573dab90938cbfc56d19e7975fb58e45751ffcc6f8c8d337c8cfe8
OLD_P03_S02_MIX_0030.jpg,test,p03_mixed,round2_imagegen_derived_variant,keyboard;headphones,2,8c82c80fc6aaaa9087bc1cf88b3d549c09d35dcf2e9165d004ad89908fc93b28
OLD_P03_S02_MIX_0031.jpg,test,p03_mixed,round2_imagegen_derived_variant,keyboard;headphones,2,9878dfdeff653ddddea3506539eb834ba0dd69d425b9ab9c81568bbbfb8e3542
OLD_P03_S04_MIX_0020.jpg,test,p03_mixed,round2_imagegen_independent_base,mouse;keyboard,2,782a8872c851ee66b760ec88faed8238c5a556adbd43603bf3b4e0df59001b7b
OLD_P03_S04_MIX_0021.jpg,test,p03_mixed,round2_imagegen_derived_variant,mouse;keyboard,2,cce8ed8224ff1726b53ae6d1b6089396a4d7cc2a6f2ee5c3aec08606ca86b440
OLD_P03_S04_MIX_0022.jpg,test,p03_mixed,round2_imagegen_derived_variant,mouse;keyboard,2,aaca508f126811318044df723d50e07cf340157ff03d8ead82638668622d95d5
OLD_P03_S04_MIX_0023.jpg,test,p03_mixed,round2_imagegen_independent_base,mouse;laptop,2,b929c0a09e871884141813a02d83e49981d535e398b3726c224eee324c9c6f99
OLD_P03_S04_MIX_0024.jpg,test,p03_mixed,round2_imagegen_derived_variant,mouse;laptop,2,373b00f60491f02639e12a2a8eafcd184653ce12cba2f721cb8c8c10106c5cb5
OLD_P03_S04_MIX_0025.jpg,test,p03_mixed,round2_imagegen_derived_variant,mouse;laptop,2,4819e53e7dbe80894dcd7fdd79f506ab41682e77bf98bffe88820cc0d3863827
OLD_P03_S04_MIX_0026.jpg,test,p03_mixed,round2_imagegen_independent_base,keyboard;headphones,2,95f7de7f70c5845ecad313124bdc5585e8dd1cd6f8c54449fec5fb61fe54112e
OLD_P03_S04_MIX_0027.jpg,test,p03_mixed,round2_imagegen_derived_variant,keyboard;headphones,2,0427691bddfb9ec7446eb2ddbcc59bf3545af6806b14ad44d5068d3ca9c0a783
OLD_P03_S04_MIX_0028.jpg,test,p03_mixed,round2_imagegen_derived_variant,keyboard;headphones,2,5f35af2ea6fec3d847843ad60b273b11e3093b9df76b9533dc4323e0b685763d
OLD_P03_S04_MIX_0029.jpg,test,p03_mixed,round2_imagegen_independent_base,mouse;keyboard;laptop,3,970b03f0d19eebd2821799809bf7effa021cabbe090d339cfa9bae2896f5417a
OLD_P03_S04_MIX_0030.jpg,test,p03_mixed,round2_imagegen_derived_variant,mouse;keyboard;laptop,3,96fd0054a79c9344f7fa37d179e16167fe27e4873ab90a9e4b40d43a1bc938ed
OLD_P03_S04_MIX_0031.jpg,test,p03_mixed,round2_imagegen_derived_variant,mouse;keyboard;laptop,3,533ea815000c0e23008929a1b85e4b22aa22f14848d3f7c12f234fd49e1ffb6c
OLD_P03_S05_NEG_0026.jpg,test,p03_mixed,round2_imagegen_independent_base,,0,322a06e59c863f408b35797047d34a7dd7b6f4c9eb5d5ca0035bc5904b10f775
OLD_P03_S05_NEG_0027.jpg,test,p03_mixed,round2_imagegen_derived_variant,,0,f4774d6569592657d109210afad23879213a59321d392a1c164f34ba453a5744
OLD_P03_S05_NEG_0028.jpg,test,p03_mixed,round2_imagegen_derived_variant,,0,373ad1dcb7c8b5e115ff4933f6bce2ba39d404fb3863d6df7a2cd7fb03567ca4
OLD_P05_S01_HDP_0107.jpg,test,p05_mixed,generated_image,headphones,1,109339767828c959a1419a83e41fac378ff74caadd33d7659693802eaa3ed1bd
OLD_P05_S01_HDP_0117.jpg,test,p05_mixed,generated_image,headphones,1,fa21af9ea420189a34ced2e09bd88b416a6c61ff8f57ca38bc569a2b51304406
OLD_P05_S01_LAP_0068.jpg,test,p05_mixed,generated_image,laptop,1,ba8d4e164d972ea8b1edf7230303b7f588515f3173a9e2e54655efa3ad257443
OLD_P05_S01_MOU_0009.jpg,test,p05_mixed,generated_image,mouse,1,a9e65be85ff12330a0c016c5a0a95198c136b4a4fc07d8340657f66b4277ddcd
OLD_P05_S02_MIX_0008.jpg,test,p05_mixed,generated_image,mouse;headphones,2,3a6728db02aaff42d96f8e0a4e9aac74c7245ec553a3795c68161ebb644c5d84
OLD_P05_S02_MIX_0009.jpg,test,p05_mixed,generated_image,mouse;headphones,2,c969fcaa35d81e23e157d875e037fa3c815b3942fbd879da5288e143ab2ece04
OLD_P05_S02_MIX_0040.jpg,test,p05_mixed,local_capture,mouse;keyboard,2,5819121b5fa94df2dd15214ab61bd210f64a38b107fbc343761533506f351222
OLD_P05_S02_MIX_0068.jpg,test,p05_mixed,generated_image,mouse;laptop;headphones,3,b789d80fde117476860bdbf2a6d94683e56daef7f60c6c9639f591e24db4d7b4
OLD_P05_S02_MIX_0075.jpg,test,p05_mixed,generated_image,mouse;headphones,2,4bf0e59c68ba754ce6b14b27834c4a5ba4dd92135f378f269f170f685f2f638d
OLD_P05_S02_MIX_0106.jpg,test,p05_mixed,generated_image,mouse;keyboard;laptop;headphones,4,0beb365a592ff82a4188cecf3716c42322d3b28de8c1cd075797b443f258ef79
OLD_P05_S02_MIX_0108.jpg,test,p05_mixed,generated_image,mouse;keyboard;laptop;headphones,4,93119f9daca2862987bf6db45901d5296a985d74eccdb8126a67faa8cc627575
OLD_P05_S02_MIX_0112.jpg,test,p05_mixed,generated_image,mouse;keyboard;headphones,3,eddf8e0d22d7168c089ec255ebb3e614e4dbefd04107b95c740c895011c8daa5
OLD_P05_S02_MIX_0122.jpg,test,p05_mixed,generated_image,mouse;keyboard;laptop;headphones,4,febdcb78dfba73cfaafd42a1f11af18a1659db39cee3bbc745bca10ae1bc6154
OLD_P05_S02_MIX_0123.jpg,test,p05_mixed,generated_image,mouse;keyboard;laptop;headphones,4,32dcb00d5316b3cb3460313a5a035b8cee41bed8260da86a91ebea677f5f366f
OLD_P05_S02_MIX_0125.jpg,test,p05_mixed,generated_image,mouse;keyboard;laptop;headphones,4,a47c3c72dc174402fc5f41e82b7e76e40f5792d16832f49dab4b4c40b109af79
OLD_P05_S03_HDP_0048.jpg,test,p05_mixed,generated_image,headphones,1,c6e23be87b1b8c9479f445db4f1967824142314a0813a456b816f98181d81c1c
OLD_P05_S03_MIX_0090.jpg,test,p05_mixed,generated_image,mouse;laptop;headphones,3,7aecd218fc511c2e1162f0f6ed66dd9d14e5a9530ce177155c1d16bc6218d55b
OLD_P05_S03_MOU_0002.jpg,test,p05_mixed,generated_image,mouse,1,4ed2d15e50295a7487e71b4594bf49191074e6d2f5a526217675e3a01277cd9a
OLD_P05_S03_MOU_0005.jpg,test,p05_mixed,generated_image,mouse,1,32b68fdd3a3cf8f637f5105f7fbe81395acc1920b5c4cd5d609e16e15b1cdcb0
OLD_P05_S04_HDP_0050.jpg,test,p05_mixed,generated_image,headphones,1,973f0f77252722cc53561de20dd0637dc83657b0f466621d5e89559efa6fe466
OLD_P05_S04_MIX_0093.jpg,test,p05_mixed,generated_image,mouse;keyboard;laptop;headphones,4,727b860fac1a788888f259d5ecb1ade529d6c40286a4ba7d55f36e3a4feae5f7
OLD_P05_S05_NEG_0026.jpg,test,p05_mixed,open_images_v7,,0,736ea752e6583929540742999d55f12533e958e20be76f0922d29b7d7ca842b7
OLD_P05_S05_NEG_0030.jpg,test,p05_mixed,open_images_v7,,0,b72f2b0c88dbf5d5199f56d46b66ab16247f42eb17328082dad12e01b5ca67fa
OLD_P05_S05_NEG_0034.jpg,test,p05_mixed,open_images_v7,,0,d1af5b26eb63563713b7c2f310433315a6d925467b41699b54cbc71746a20f59
OLD_DATASET_cup_IMG_20260831_084516.jpg,train,dataset_real,user-provided real capture; folder class visually audited,keyboard,1,9d9728a6b15c1046dfcf272c719459e27a4ead2924e50538960d0e473ce4c73b
OLD_DATASET_cup_IMG_20260831_084516_1.jpg,train,dataset_real,user-provided real capture; folder class visually audited,keyboard,1,61feb709b1795defb09563ead6aa3027fafaec41d0f69c3533f06e2f61b81749
OLD_DATASET_cup_IMG_20260831_084517_1.jpg,train,dataset_real,user-provided real capture; folder class visually audited,keyboard,1,538e6620260a17f785941850f96da36c0c5b77eaed966cac4da835a88faecb98
OLD_DATASET_cup_IMG_20260831_084517_2.jpg,train,dataset_real,user-provided real capture; folder class visually audited,keyboard,1,2b54129c21a079ca6a48941ef51c363c69fcd41de82f1d0985b1c182c9c71d6c
OLD_DATASET_cup_IMG_20260831_084518_1.jpg,train,dataset_real,user-provided real capture; folder class visually audited,keyboard,1,b7e3b38c449c8d58344394546cfb5ef1e4b6135fba59819add343696c741d3ca
OLD_DATASET_cup_IMG_20260831_084519_1.jpg,train,dataset_real,user-provided real capture; folder class visually audited,keyboard,1,f508d914f6a9c857fa78d43d91ec0654f5ef1fcf3995d16f1e0bb2baf0b8b884
OLD_DATASET_cup_IMG_20260831_084519_2.jpg,train,dataset_real,user-provided real capture; folder class visually audited,keyboard,1,a90185bf753cb71a7c11f7209565b6528892747073628b71a127908581b2b9c4
OLD_DATASET_keyboard_IMG_20260831_084635.jpg,train,dataset_real,user-provided real capture; folder class visually audited,keyboard,1,10aeea6d3c354865fb928654a076c076bb26eb69880a8c87ab3ea3da39dc0ab1
OLD_DATASET_keyboard_IMG_20260831_084635_1.jpg,train,dataset_real,user-provided real capture; folder class visually audited,keyboard,1,e940d832ca583595728e588335e1d139b4db15aec415aab0acbcc5dd9fae6ea6
OLD_DATASET_keyboard_IMG_20260831_084636.jpg,train,dataset_real,user-provided real capture; folder class visually audited,keyboard,1,bbf66ca9d24d2ecc86908bdcad7761e79b7ae697f550a88c2b2d81bcb6b97569
OLD_DATASET_keyboard_IMG_20260831_084636_1.jpg,train,dataset_real,user-provided real capture; folder class visually audited,keyboard,1,d1cea5249b39257cf71b563df5ab14db6316fafa89dca300dffa7fd60ec5fb22
OLD_DATASET_keyboard_IMG_20260831_084636_2.jpg,train,dataset_real,user-provided real capture; folder class visually audited,keyboard,1,476b3727ca200d2d55c0c6989626346f60caf3b4b9af7bf86b4cd303614ccc7e
OLD_DATASET_keyboard_IMG_20260831_084636_3.jpg,train,dataset_real,user-provided real capture; folder class visually audited,keyboard,1,6fa003c6686b922566a52ce6fdfe8c1db9af78bc0a76f9368f0e62db001f779f
OLD_DATASET_keyboard_IMG_20260831_084637_1.jpg,train,dataset_real,user-provided real capture; folder class visually audited,keyboard,1,ea8a3d7da4f2526d76f1eb44055ed60fed1511c85e86574c12d555e51c63f9bc
OLD_DATASET_keyboard_IMG_20260831_084639_1.jpg,train,dataset_real,user-provided real capture; folder class visually audited,keyboard,1,cf4dbdcd148eb06ff6be3d13e3a40a3f3d23d864fdef147f1c8fae2a16b9353d
OLD_DATASET_keyboard_IMG_20260831_084639_3.jpg,train,dataset_real,user-provided real capture; folder class visually audited,keyboard,1,a94450763a9f8bd15844f5fb5f2714a4de05d899e416f75e8e25df61fe52e0f9
OLD_DATASET_laptop_AND_cup_IMG_20260831_084658.jpg,train,dataset_real,user-provided real capture; folder class visually audited,laptop,1,33aa4807ac28e5abc39431d9708713ad446664e5e510c8f5790f09ec77650e6e
OLD_DATASET_laptop_AND_cup_IMG_20260831_084658_1.jpg,train,dataset_real,user-provided real capture; folder class visually audited,laptop,1,b4770943b1c381c41b6f75458e1fd426b49034d8fea80eddff88a60ddc389af1
OLD_DATASET_laptop_AND_cup_IMG_20260831_084658_3.jpg,train,dataset_real,user-provided real capture; folder class visually audited,laptop,1,740a03bd3819187d5b1adc4fc9fdbcedea436069e4ca3c6916e85b53b943dcaf
OLD_DATASET_laptop_AND_cup_IMG_20260831_084702_3.jpg,train,dataset_real,user-provided real capture; folder class visually audited,laptop,1,881f4f0de0458715e7dd5ddaf22c04a9bd74e84d58e8fdbc232f85de917c9c76
OLD_DATASET_mouse_AND_cup_IMG_20260831_084617_4.jpg,train,dataset_real,user-provided real capture; folder class visually audited,mouse;keyboard,2,8990e345258212d918621eac0b6dfeb7eaac59e3d3f5218dad5a0214f6792150
OLD_DATASET_mouse_AND_cup_IMG_20260831_084619_1.jpg,train,dataset_real,user-provided real capture; folder class visually audited,mouse;keyboard,2,f9671984f5ecdb8ad519f5fefa2d6a87f2613e7a623a541eaee7da73bc0908ff
OLD_DATASET_mouse_AND_cup_IMG_20260831_084619_2.jpg,train,dataset_real,user-provided real capture; folder class visually audited,mouse;keyboard,2,12d75a5b3f122ba6e464c9fb60d0b0bfcaead71439589e0825972d2820414519
OLD_DATASET_mouse_AND_cup_IMG_20260831_084619_3.jpg,train,dataset_real,user-provided real capture; folder class visually audited,mouse,1,0bc9f0a8750fe55d49c3544ae606e5c3e891c2f2ebcab54805ebdb2789c93299
OLD_DATASET_mouse_AND_cup_IMG_20260831_084619_4.jpg,train,dataset_real,user-provided real capture; folder class visually audited,mouse,1,ebd77e4f9a4155ff1bf993788da945da874e8f74d4c51dc7f6196daad261ed81
OLD_DATASET_mouse_AND_cup_IMG_20260831_084619_5.jpg,train,dataset_real,user-provided real capture; folder class visually audited,mouse,1,c675969b8bbff53e15bbc7962adb4645f6d5276d9b3eed4eee540eb986932e06
OLD_DATASET_mouse_IMG_20260831_084606.jpg,train,dataset_real,user-provided real capture; folder class visually audited,mouse,1,a0d875083c886caf26f0214a1e047b8eb23bee78423eb04525a32094d229a97b
OLD_DATASET_mouse_IMG_20260831_084606_1.jpg,train,dataset_real,user-provided real capture; folder class visually audited,mouse,1,20ba84afe3094bf9447974beffc66ae34ac200884c89bf3a70b899b5ff7e164a
OLD_DATASET_mouse_IMG_20260831_084606_2.jpg,train,dataset_real,user-provided real capture; folder class visually audited,mouse,1,fe8dded43b7c5d388fc540109cfdb59369a357f2d8feacf40034e8edf697a7e2
OLD_DATASET_mouse_IMG_20260831_084606_3.jpg,train,dataset_real,user-provided real capture; folder class visually audited,mouse,1,9337ff5f80def0f58d3f70d13635943c734e5f07d063cd6b54bbb3039458f851
OLD_DATASET_mouse_IMG_20260831_084607.jpg,train,dataset_real,user-provided real capture; folder class visually audited,mouse;keyboard,2,7fdf948670dce0436be9d17977bb2e265361a9b76e515c7d55a866b8f8f3a307
OLD_DATASET_mouse_IMG_20260831_084607_1.jpg,train,dataset_real,user-provided real capture; folder class visually audited,mouse,1,13659db5f74dcccc704d94532845f848129e4551e9c60401237c5a3743d3cec1
OLD_DATASET_mouse_IMG_20260831_084607_2.jpg,train,dataset_real,user-provided real capture; folder class visually audited,mouse,1,5b25f05ace750dbecfe3eaf1c37c5edf81afdb842015ce1b14e0a7735833cfcd
OLD_DATASET_mouse_IMG_20260831_084607_3.jpg,train,dataset_real,user-provided real capture; folder class visually audited,mouse,1,e10333ad27067d919c3e73c6a0eb7d0deb8fcbf133ed43f09ce331a9d989c3c9
OLD_DATASET_mouse_IMG_20260831_084607_4.jpg,train,dataset_real,user-provided real capture; folder class visually audited,mouse,1,e493417b7294c341016157bfcbb41228926473571438135426dac217c213ade6
OLD_DATASET_mouse_IMG_20260831_084608.jpg,train,dataset_real,user-provided real capture; folder class visually audited,mouse;keyboard,2,f95152ff40e51f3aa1e21fec5997f422a469623a663d126119a3c017f63202b5
OLD_DATASET_mouse_IMG_20260831_084609.jpg,train,dataset_real,user-provided real capture; folder class visually audited,mouse,1,a5f7a3531689511f4a5f839f09c97c8670e8a873d0c8b0343f5c081d223f83f4
OLD_DATASET_mouse_IMG_20260831_084609_1.jpg,train,dataset_real,user-provided real capture; folder class visually audited,mouse;keyboard,2,96c6107d7c9df92c2370935ee8e3392d6ffd822a15db58fdf935d1665500025b
OLD_DATASET_mouse_IMG_20260831_084609_2.jpg,train,dataset_real,user-provided real capture; folder class visually audited,mouse;keyboard,2,78544824844a597214ba8391a1b1471df421e49861bb6d8d7878a8dca0f45762
OLD_DATE_1_8.jpg,train,date_real,user-provided real capture; prefix mapping visually audited,,0,cc06c02164be799c6ba1d9bbc4e15001b926b00c99093ca6dfa819799b400e43
OLD_DATE_1_9.jpg,train,date_real,user-provided real capture; prefix mapping visually audited,,0,49fd5196e7cd80b62ebb5b0f628f104e4d74386f41ef40cc44dfd299b5e72a6a
OLD_DATE_2_1.jpg,train,date_real,user-provided real capture; prefix mapping visually audited,mouse,1,95b685bff39deabd1c4f8a25c2d4babb6d0261200b917f3f2a11209de9588fe3
OLD_DATE_2_11.jpg,train,date_real,user-provided real capture; prefix mapping visually audited,mouse,1,637dc92569705b7c5ed1dcd0bfc533ca2dc563e5f4c4c38f013defd37f0a1aa5
OLD_DATE_2_12.jpg,train,date_real,user-provided real capture; prefix mapping visually audited,mouse,1,014f4b855f0487b0d6c201cd10f6f3afd473d2991a76cae06ea13195f4e16fb8
OLD_DATE_2_13.jpg,train,date_real,user-provided real capture; prefix mapping visually audited,mouse,1,52044424cc85632cba7ec81dfdd41a215d30c991ed59d46fbd5b9813f6e4de59
OLD_DATE_2_14.jpg,train,date_real,user-provided real capture; prefix mapping visually audited,mouse,1,0a7dde4e743e05f5260af2e980bc6b30f576c5136e0679a72947b057f49b4152
OLD_DATE_2_2.jpg,train,date_real,user-provided real capture; prefix mapping visually audited,mouse,1,b120478538912f4bace10d16acc9bab012ad10f6fbcc9ef49064b534439dd885
OLD_DATE_2_3.jpg,train,date_real,user-provided real capture; prefix mapping visually audited,mouse,1,9345f9be1f868d7ed4dd338eb720fe953851ccee6cac5de062c573ef4a020b5f
OLD_DATE_2_4.jpg,train,date_real,user-provided real capture; prefix mapping visually audited,mouse,1,4345434720296fb38c89a9673825817a6ff04ebc1a003c3b50dbdc304dab2468
OLD_DATE_2_5.jpg,train,date_real,user-provided real capture; prefix mapping visually audited,mouse,1,a7e7d44fa79f30b3a9fe374ba5060f4b27f70d94a2460e0982bb117eb34e2c29
OLD_DATE_2_7.jpg,train,date_real,user-provided real capture; prefix mapping visually audited,mouse,1,cc0e56872cdf18ce98e06df1365115f7eecd37936faf6f8a0f3027b1f4cb2473
OLD_DATE_2_8.jpg,train,date_real,user-provided real capture; prefix mapping visually audited,mouse,1,18d160f61babbef0159a0bf003232bd5a7af1fdef1bf77ed58d746caba6426d4
OLD_DATE_2_9.jpg,train,date_real,user-provided real capture; prefix mapping visually audited,mouse,1,0a1e1a08699c23e5427d6dfdad19552863f5e4ab29f8b39c102e54d621407fc3
OLD_DATE_3_1.jpg,train,date_real,user-provided real capture; prefix mapping visually audited,keyboard,1,0dc4293dc7e15447b781194ca9a9aa430b72741f2bbcdd070909984a99bf3cf4
OLD_DATE_3_10.jpg,train,date_real,user-provided real capture; prefix mapping visually audited,keyboard,1,f27a8beae68bdc55dd68f7e027b25b52b568e2d7168907f56003a4216df7f48d
OLD_DATE_3_2.jpg,train,date_real,user-provided real capture; prefix mapping visually audited,keyboard,1,ccd7dc85eecb1b2d89e72e001edbfeaf70826fe7eab771e55703c9c1713c8d69
OLD_DATE_3_3.jpg,train,date_real,user-provided real capture; prefix mapping visually audited,keyboard,1,97e01291de05db1fd40439c3e9abe6f7a31cb65943047808dea669e3e1d12466
OLD_DATE_3_4.jpg,train,date_real,user-provided real capture; prefix mapping visually audited,keyboard,1,8cf78ea4877b649c30c5d3da2f88f1dd6f2d8dd4528e5203550d19fac9b1ec3c
OLD_DATE_3_6.jpg,train,date_real,user-provided real capture; prefix mapping visually audited,keyboard,1,27bb554d5767b4a282d23aa6c7d5ebcba918af0f7cd58ee15bdea169bdd48eaf
OLD_DATE_3_7.jpg,train,date_real,user-provided real capture; prefix mapping visually audited,keyboard,1,b88199a48951be29ac3619570184c3919d8f3962db6684cfe91b870e7de83132
OLD_DATE_3_8.jpg,train,date_real,user-provided real capture; prefix mapping visually audited,keyboard,1,0fe29640b43421afdf447a3d376b0e4f87ac805deb172fcafbfce1c4b777bbea
OLD_DATE_3_9.jpg,train,date_real,user-provided real capture; prefix mapping visually audited,keyboard,1,7975b7b8dfb0b0ff0ea060bb05b8e42b2d63a9c4bff8e859e960cd1053615aca
OLD_DATE_4_1.jpg,train,date_real,user-provided real capture; prefix mapping visually audited,laptop,1,142e9a6d16863908a1e0a07b2db58a1e022844733c7cf35ca36134e8c94ce5d5
OLD_DATE_4_10.jpg,train,date_real,user-provided real capture; prefix mapping visually audited,laptop,1,770748e627d6de8ed2f14b58506aa2e7d1ee3cb73c01578251b0b882ab9768da
OLD_DATE_4_11.jpg,train,date_real,user-provided real capture; prefix mapping visually audited,laptop,1,4a0cf1e663b58ec8c86279c34165c94248e6420ba4241afa192759006e1fdb14
OLD_DATE_4_12.jpg,train,date_real,user-provided real capture; prefix mapping visually audited,laptop,1,f6e7036e97b9d56797ade6a6a28b8d8331482de4f8952cb535ab9114de5593b8
OLD_DATE_4_13.jpg,train,date_real,user-provided real capture; prefix mapping visually audited,laptop,1,c8e760fbd24c418b1e4c5169bbb388b9477d55b9a0fd0685896cf95f38409901
OLD_DATE_4_14.jpg,train,date_real,user-provided real capture; prefix mapping visually audited,laptop,1,ae6d8585581b196e60375148fa159dbeeebc6d8312fa2c3dc93182f07e401a03
OLD_DATE_4_16.jpg,train,date_real,user-provided real capture; prefix mapping visually audited,laptop,1,273ff29cc37234c911793e3ef00e11dae9d7e6b5c95afb47b0082f496abb1dae
OLD_DATE_4_17.jpg,train,date_real,user-provided real capture; prefix mapping visually audited,laptop,1,22c9aa1eb929500be485f94ac9d4df005548e70efd131d8cc0ee349e8e6ae75d
OLD_DATE_4_18.jpg,train,date_real,user-provided real capture; prefix mapping visually audited,laptop,1,be43047c191353fd2dbfc5db6d5c99f6e1bac5f42ba86775057e79d3d3a11edc
OLD_DATE_4_19.jpg,train,date_real,user-provided real capture; prefix mapping visually audited,laptop,1,69b843777405d81858e06a5a338bc74964ce2833abf47dc5528e6d0dc5d2f31a
OLD_DATE_4_2.jpg,train,date_real,user-provided real capture; prefix mapping visually audited,laptop,1,36c619b2aa37c117d0971eca8d457291162221373334acac5953b279d65449ac
OLD_DATE_4_20.jpg,train,date_real,user-provided real capture; prefix mapping visually audited,laptop,1,9ba396cd48d2a7f88f7297233ba694729c38c1278b473eb87ce2ee0668ef3313
OLD_DATE_4_3.jpg,train,date_real,user-provided real capture; prefix mapping visually audited,laptop,1,ccfca26bdd9f8927b5967af24fef465e97bbe2d6ea9aedf53477458c12da22cc
OLD_DATE_4_8.jpg,train,date_real,user-provided real capture; prefix mapping visually audited,laptop,1,5ca238ed06870494755f03218ff7b9864f738c47a1d4dec7e3fef96f45601c3c
OLD_DATE_6_1.jpg,train,date_real,user-provided real capture; prefix mapping visually audited,headphones,1,849de96d1ab6db32feb052d36e0b30860327be14632dce69ba3c14082484776d
OLD_DATE_6_12.jpg,train,date_real,user-provided real capture; prefix mapping visually audited,headphones,1,71195c00da925d4081baae41240d26072e5c166f10d037eb829da4b4504d883e
OLD_DATE_6_14.jpg,train,date_real,user-provided real capture; prefix mapping visually audited,headphones,1,1534cb76100f9764e251089018af3727aaf4f93129b08fd775381cb92b995152
OLD_DATE_6_15.jpg,train,date_real,user-provided real capture; prefix mapping visually audited,headphones,1,570b6c67c6db665a577bb3d54eae5cce3f40ba34681c85b5d38a12c8a1857a7e
OLD_DATE_6_16.jpg,train,date_real,user-provided real capture; prefix mapping visually audited,headphones,1,1152ee3d8ccd79f0e6e4a73511c90f08424f995fee8cdb7431f1cda9bae37859
OLD_DATE_6_17.jpg,train,date_real,user-provided real capture; prefix mapping visually audited,headphones,1,3b326f83efa35d2a544b44d404e7f866e656cf16e0c6db16b8968099706dd4db
OLD_DATE_6_18.jpg,train,date_real,user-provided real capture; prefix mapping visually audited,headphones,1,43f52f02abd466828aeacb7bf2ac29c43e9e9fc3a6e97dcb2bfe744f02ac4c50
OLD_DATE_6_2.jpg,train,date_real,user-provided real capture; prefix mapping visually audited,headphones,1,2dad1dd241c622e8ea7ddeedbfe7175b2fb5f96b57f2793ef92a5cff90fd9980
OLD_DATE_6_3.jpg,train,date_real,user-provided real capture; prefix mapping visually audited,headphones,1,1c6fd1e9d6ba4ff653f91369a6163271c233a9229bcd63ae55c4670701dfb338
OLD_DATE_6_4.jpg,train,date_real,user-provided real capture; prefix mapping visually audited,headphones,1,513f35b811eadfc489b9c11995e91523c154126849bfc54b4f4b49d62164dc95
OLD_DATE_6_5.jpg,train,date_real,user-provided real capture; prefix mapping visually audited,headphones,1,7239970bf794863e58a378a6d77733f1bd20019e7c5ac208f88b2a1ef2037f86
OLD_DATE_6_6.jpg,train,date_real,user-provided real capture; prefix mapping visually audited,headphones,1,62789d5f6f5f9ec4b38952cc76ef2a70a1e52b33ff4e94e6888053f23c15160d
OLD_OIV7_headphones_OI7_HDP_0003_4879a8d9c8942d4f.jpg,train,openimages_curated,Open Images V7 validation; curated narrow-class subset,headphones,1,ee771be3fc0fbabd2dcae23a79047c1fcb66d6197370a6aa012725525254f6f6
OLD_OIV7_headphones_OI7_HDP_0005_d7d770f170f8f333.jpg,train,openimages_curated,Open Images V7 validation; curated narrow-class subset,headphones,1,0ed8d7c75741563fae054436161b1eedb343a663f16ab07f2d9d0d60d2f3e311
OLD_OIV7_headphones_OI7_HDP_0006_9c99cf700c9de073.jpg,train,openimages_curated,Open Images V7 validation; curated narrow-class subset,headphones,1,db371a2234e9ad1cafc5ff14c73f4a3575c3fce1936bdbb75bb360536b154cf3
OLD_OIV7_headphones_OI7_HDP_0007_63f967b2b0da649d.jpg,train,openimages_curated,Open Images V7 validation; curated narrow-class subset,headphones,1,5667202189b7c4d7f1f56aff7aa65ba8c2f1fe0db42a6a9f7b89bcc9f3551081
OLD_OIV7_headphones_OI7_HDP_0009_962db0c6634d0c26.jpg,train,openimages_curated,Open Images V7 validation; curated narrow-class subset,headphones,1,2a85c4c16f94baf91f372510042c96e812fb7a93bfdcc8ba9c04b266f71588b6
OLD_OIV7_headphones_OI7_HDP_0010_dc8857479b0c8d32.jpg,train,openimages_curated,Open Images V7 validation; curated narrow-class subset,headphones,1,2bbed33b1477738e0aedb384a12dc20578610f8f8c71a2ff76ffd2142ba92bcd
OLD_OIV7_keyboard_OI7_KEY_0003_e918ca45aa73171c.jpg,train,openimages_curated,Open Images V7 validation; curated narrow-class subset,keyboard,1,b4c8ba1139cad46e0354d19e488b6f80b8835bb03e7e0107c289744a4377526f
OLD_OIV7_keyboard_OI7_KEY_0004_a3196fa577444985.jpg,train,openimages_curated,Open Images V7 validation; curated narrow-class subset,keyboard,1,0b4ed42fbdcea124f8148f5a86a172f99ed5f159b1b3a8b1fe4811d38dd006f7
OLD_OIV7_laptop_OI7_LAP_0001_a28daae055d8d934.jpg,train,openimages_curated,Open Images V7 validation; curated narrow-class subset,laptop,1,5d0e62d32aab552ea296bb8aa6ed24536272537d9b98b43b78ecedf35a9ba34c
OLD_OIV7_laptop_OI7_LAP_0002_435d906eb2bbc878.jpg,train,openimages_curated,Open Images V7 validation; curated narrow-class subset,laptop,1,1fec40054521722fa2a86507e587a5025bed0c24bc7ef7202af105e1ee4f76c6
OLD_OIV7_laptop_OI7_LAP_0003_61ad317ddcfdb148.jpg,train,openimages_curated,Open Images V7 validation; curated narrow-class subset,keyboard;laptop,2,7fdd75104d4f47351ef176d1064b63f5275a1bc372b6aeefea3b89324076e3b8
OLD_OIV7_laptop_OI7_LAP_0004_8b031007bf62947a.jpg,train,openimages_curated,Open Images V7 validation; curated narrow-class subset,keyboard;laptop,2,1c2377e184d40ff0839da9316eb68603429518570c26b97e03b09dce662426c5
OLD_OIV7_laptop_OI7_LAP_0005_85788b2e228e3deb.jpg,train,openimages_curated,Open Images V7 validation; curated narrow-class subset,laptop,1,1ba194bb5ff118a1cb35d6e9393a03ef36003ac4e249f20f0b9b3ec922055d6b
OLD_OIV7_mouse_OI7_MOU_0002_6463145caf94b8a6.jpg,train,openimages_curated,Open Images V7 validation; curated narrow-class subset,mouse,1,7f19eecf09357a682db9e5610b715c1db41885baa1bc9469fc48883a112f9d59
OLD_OIV7_mouse_OI7_MOU_0003_4e5a06da84daf5d8.jpg,train,openimages_curated,Open Images V7 validation; curated narrow-class subset,mouse,1,dceea3087c9f73a8799490f1d13253b921c65b02007bb4b9af669c395cc18d92
OLD_OIV7_mouse_OI7_MOU_0005_a88cf9722f76deeb.jpg,train,openimages_curated,Open Images V7 validation; curated narrow-class subset,mouse,1,69382e98adede0039792e9c9cf153183c1c14056f7993d50567b600e33240ea0
OLD_OIV7_mouse_OI7_MOU_0007_a351fe3136692dcb.jpg,train,openimages_curated,Open Images V7 validation; curated narrow-class subset,mouse,1,c4b85b794fb8682ec5b45a3eb33e9e018b413083a07b0fbca427d9af1fbf0b7a
OLD_OIV7_mouse_OI7_MOU_0008_ed6fd1df89836efe.jpg,train,openimages_curated,Open Images V7 validation; curated narrow-class subset,mouse,1,fea99b453bebec544653bca35ab75ad1cf4ae9cc5a702b0fad5c69b02751ba2f
OLD_OIV7_mouse_OI7_MOU_0009_a4c23a3629f31cd7.jpg,train,openimages_curated,Open Images V7 validation; curated narrow-class subset,mouse,1,03ace47b7bfb00921ae6625df460759977f902c4058eeee0250dc3e9f72aaba2
OLD_OIV7_mouse_OI7_MOU_0010_76d8919159c2a5c5.jpg,train,openimages_curated,Open Images V7 validation; curated narrow-class subset,mouse,1,9a173443a2e2fcf93ec919236edaa10b8113f2e36353deb2601575c6e03f0e36
OLD_P03_S01_HDP_0006.jpg,train,p03_mixed,initial_ai_or_local,headphones,1,f5397cd7f85f088791088461fb673e70ec7686824a0e8ab9f45362f4b7f0b8a6
OLD_P03_S01_HDP_0015.jpg,train,p03_mixed,legacy_imagegen_independent_base,headphones,1,6546037e70a8dff20dbabcb44b52db609038f64d0ebd83f08d696177cdf94b30
OLD_P03_S01_HDP_0016.jpg,train,p03_mixed,legacy_imagegen_derived_variant,headphones,1,f94ddc64ce44e470e8df4bd89b95909d879441e7ac871a2f67ac399cf4c4d756
OLD_P03_S01_HDP_0029.jpg,train,p03_mixed,round2_imagegen_independent_base,headphones,1,04665a1428daa3ddefd3ef5d4ed5276736149782e5ee50522ab4a2077c14c73e
OLD_P03_S01_HDP_0030.jpg,train,p03_mixed,round2_imagegen_derived_variant,headphones,1,851262bd7e8ae48f17f8bc2fee53ea6a56b07ff79fc6f31f4f778e12a01c0baa
OLD_P03_S01_HDP_0031.jpg,train,p03_mixed,round2_imagegen_derived_variant,headphones,1,c2711e84f1a0782880720d80357ebd1486c3d2910e04103f1fc256b87ad17a73
OLD_P03_S01_KEY_0003.jpg,train,p03_mixed,initial_ai_or_local,keyboard,1,7a241c03363df1b90896186e0e9111796a64744efc45dc546e66fd9efe6a8e63
OLD_P03_S01_KEY_0009.jpg,train,p03_mixed,legacy_imagegen_independent_base,keyboard,1,fe7b863d207c72c565b133761dbdda4dc40dd62ef0a06fe52800f0d22216445f
OLD_P03_S01_KEY_0010.jpg,train,p03_mixed,legacy_imagegen_derived_variant,keyboard,1,5e2a613be3c51660dbf2046a78bd8e284d1071256605fbcaed408d151a69cde3
OLD_P03_S01_KEY_0020.jpg,train,p03_mixed,round2_imagegen_independent_base,keyboard,1,b7eeea0a9799466e4709201d5c4735b04f1f579e093d6a102531c1e865abfea0
OLD_P03_S01_KEY_0021.jpg,train,p03_mixed,round2_imagegen_derived_variant,keyboard,1,eabc72496e38667645f94fb86efcfc676e960b73fcd1951128202941f18d559b
OLD_P03_S01_KEY_0022.jpg,train,p03_mixed,round2_imagegen_derived_variant,keyboard,1,70180f6204622248ddae41a23f202e66df38a23bac54a0e6d99ad91e5cd538b1
OLD_P03_S01_LAP_0001.jpg,train,p03_mixed,initial_ai_or_local,laptop,1,3f68eac033bc3f26b1e49a7c3fac35bd3c3a029695d28e644cb7d226b13c300f
OLD_P03_S01_LAP_0004.jpg,train,p03_mixed,initial_ai_or_local,laptop,1,017037beab2367a717457bb92ad262b5d40fcca075edfea49af769cae30bef06
OLD_P03_S01_LAP_0011.jpg,train,p03_mixed,legacy_imagegen_independent_base,laptop,1,75aa921c5b428cfb79fe3a690a8c38489b5cea6e0f84970193e06b5520a6e9e3
OLD_P03_S01_LAP_0012.jpg,train,p03_mixed,legacy_imagegen_derived_variant,laptop,1,9aa42ff5394b8494aa967a334382e1350f3bfce59cb6c923fc6ffc47b4814164
OLD_P03_S01_LAP_0023.jpg,train,p03_mixed,round2_imagegen_independent_base,laptop,1,968585e21a2296cf599620f26c008dd4e60f0164d421c8e3af5c8cc62e04943d
OLD_P03_S01_LAP_0024.jpg,train,p03_mixed,round2_imagegen_derived_variant,laptop,1,a31e2cedfca6133d2d8cf730344dc6b8da074c28c59e91055ee858fcdae9f99b
OLD_P03_S01_LAP_0025.jpg,train,p03_mixed,round2_imagegen_derived_variant,laptop,1,5ffe830bf5d550b581a1070753f08e7c1dbc355388e5c2bc06321372e934aec4
OLD_P03_S01_MOU_0002.jpg,train,p03_mixed,initial_ai_or_local,mouse,1,40d2f2670b3712bbdaee5227f450821dc11c375d22bc698bba5b3fbdd9328e13
OLD_P03_S01_MOU_0007.jpg,train,p03_mixed,legacy_imagegen_independent_base,mouse,1,42691e38bf6c746cfcf0ff40305c96a66a779a5b4107ed8ac269fbb9454cc158
OLD_P03_S01_MOU_0008.jpg,train,p03_mixed,legacy_imagegen_derived_variant,mouse,1,a29a955235289545020ce417bd78223a04fde9d27ae31b403f36fb6e15107396
OLD_P03_S01_MOU_0017.jpg,train,p03_mixed,round2_imagegen_independent_base,mouse,1,284a60901c5a41a5adddce51d3f4eec240df93f87dd093198adb67a786b40a67
OLD_P03_S01_MOU_0018.jpg,train,p03_mixed,round2_imagegen_derived_variant,mouse,1,ce9db2101e53f5d2447631e0f6d0eb73807d263ac6d923a33aefd23de4e39118
OLD_P03_S01_MOU_0019.jpg,train,p03_mixed,round2_imagegen_derived_variant,mouse,1,04ea9beaf37cd54d09f85d44f090bbdbf6c3e68d6d00f8e7308152c19bac19cb
OLD_P03_S02_MIX_0001.jpg,train,p03_mixed,initial_ai_or_local,mouse;keyboard,2,5d8caccedf1edeb5457bd70761783b354aea99cf7d7aca6b1d9f4f5c9593d6ec
OLD_P03_S02_MIX_0002.jpg,train,p03_mixed,initial_ai_or_local,mouse;keyboard,2,8df54af78b24ceb82c0dc7c736592a5e8c0f7d2570bd0c9b77f58eea601c4a64
OLD_P03_S02_MIX_0003.jpg,train,p03_mixed,initial_ai_or_local,laptop,1,434713cd1cfc4ccee59992c49998d9d9413ea51c7959e8138ea51c15116ea9f0
OLD_P03_S02_MIX_0004.jpg,train,p03_mixed,initial_ai_or_local,keyboard;headphones,2,e0eb48ec33d08e1f2bf88c314a4b022143f8f41da6a08abc32f1486180fe0e78
OLD_P03_S02_MIX_0005.jpg,train,p03_mixed,initial_ai_or_local,mouse;headphones,2,38907d094408760a833aefb0caa102a0600b2eb5babdd6d55b2c78b686570bbf
OLD_P03_S02_MIX_0009.jpg,train,p03_mixed,legacy_imagegen_independent_base,mouse;laptop,2,b5d43333470b61e91ac53ac4246cecfe87cd314ef8884aaa9e3ac82cba8a8657
OLD_P03_S02_MIX_0010.jpg,train,p03_mixed,legacy_imagegen_derived_variant,mouse;laptop,2,e511a63c34b3a737c045c61c60d18879fbb97a2afad9111ca1ed5f8bf454dd00
OLD_P03_S03_HDP_0001.jpg,train,p03_mixed,initial_ai_or_local,headphones,1,bd5933f17f0bcef0cef6608aa1576b586905a45fe174d9af4e50f3a9de751c80
OLD_P03_S03_HDP_0006.jpg,train,p03_mixed,initial_ai_or_local,headphones,1,d8f09bb4ca6d27b30d80ad98c7324095e97d99b522c5a428678d160c80c29a05
OLD_P03_S03_HDP_0015.jpg,train,p03_mixed,legacy_imagegen_independent_base,headphones,1,9d96e17ad63618aa00c5136e22ace5305745469d3c6c3d60a5c5e5a217907e69
OLD_P03_S03_HDP_0016.jpg,train,p03_mixed,legacy_imagegen_derived_variant,headphones,1,cde77a527c30ac9b6a50d507d73a89ec76c12c886ecc9e70012a41343c16facf
OLD_P03_S03_KEY_0003.jpg,train,p03_mixed,initial_ai_or_local,keyboard,1,4a65718ab684dd1ef783fd1191cfba9eb0b34b559353990b0979739db2cb9a28
OLD_P03_S03_KEY_0009.jpg,train,p03_mixed,legacy_imagegen_independent_base,keyboard,1,82cbcf986e3edf4cc5e13946c14eb271443986786397f031295b2af3018da833
OLD_P03_S03_KEY_0010.jpg,train,p03_mixed,legacy_imagegen_derived_variant,keyboard,1,77ff70d17efb9969f5b34b0f9834d2a5309afdf24c7c67e1554f5a6597e1f047
OLD_P03_S03_KEY_0023.jpg,train,p03_mixed,round2_imagegen_independent_base,keyboard,1,0d616144d6d8ea113d02bacb29ce592eb64bc85f6176bdaa38b80f809453d075
OLD_P03_S03_KEY_0024.jpg,train,p03_mixed,round2_imagegen_derived_variant,keyboard,1,49cb7f2d4154c397455d363d966a40c703d101f9f41f3a13ebd2c12f07fd416b
OLD_P03_S03_KEY_0025.jpg,train,p03_mixed,round2_imagegen_derived_variant,keyboard,1,a8db7b9437dfc280f24d18eb192e0260f76e1533a0048a89d536d0bc56a12d0e
OLD_P03_S03_LAP_0004.jpg,train,p03_mixed,initial_ai_or_local,laptop,1,86d635ea1dc93f957152cb161354c90eed51a304966a8aaf54dca852916357c1
OLD_P03_S03_LAP_0011.jpg,train,p03_mixed,legacy_imagegen_independent_base,laptop,1,181e52df7fc7946c8774213d1f15f5e7bc8306ef8766fda33896d3792f1d047a
OLD_P03_S03_LAP_0012.jpg,train,p03_mixed,legacy_imagegen_derived_variant,laptop,1,cb6f948b3a7d53b2cbe87c6ed2723f2edc34b637cea23d3c3cbc2af9bf3845c9
OLD_P03_S03_LAP_0026.jpg,train,p03_mixed,round2_imagegen_independent_base,laptop,1,a58458b63b424293f5b7c755fe54428b3aeb861941c7e30f9fa5e7e123826179
OLD_P03_S03_LAP_0027.jpg,train,p03_mixed,round2_imagegen_derived_variant,laptop,1,d1e3295cc8b80e8b08e016fd833ac25ac6c0e87f93b6529317a1eb9194e8b9a4
OLD_P03_S03_LAP_0028.jpg,train,p03_mixed,round2_imagegen_derived_variant,laptop,1,8b31b4ee24034aea7addcb742b9ffdc4eef835afc4c3b72e448dc939c59a653b
OLD_P03_S03_MOU_0002.jpg,train,p03_mixed,initial_ai_or_local,mouse,1,25b39b5aea1efa2cf8599e5c8a0c989cd00a9d62e5c67d0ad538962d650f360c
OLD_P03_S03_MOU_0007.jpg,train,p03_mixed,legacy_imagegen_independent_base,mouse,1,397b8df4f04d971b473b2983fb07fac93af6509457a35d90bc4f01a102d391f7
OLD_P03_S03_MOU_0008.jpg,train,p03_mixed,legacy_imagegen_derived_variant,mouse,1,6ad786cd8393f347313518dbfc3686d20c953f7e223178eaae311727b111cb2d
OLD_P03_S03_MOU_0020.jpg,train,p03_mixed,round2_imagegen_independent_base,mouse,1,936b34eccf2646d4467960dfc11ef872e4d80f1e4b822fd7398299bedb713436
OLD_P03_S03_MOU_0021.jpg,train,p03_mixed,round2_imagegen_derived_variant,mouse,1,f541defe59fb1787e92cc3e6148d3ed9fe3bacfa0bcf8076cae73b52ca8d958e
OLD_P03_S03_MOU_0022.jpg,train,p03_mixed,round2_imagegen_derived_variant,mouse,1,25ad52407241ef87479e626f3fb83987f6299e2823a98e592b709d09d67a1237
OLD_P03_S04_MIX_0001.jpg,train,p03_mixed,initial_ai_or_local,mouse;keyboard,2,68ee98c554822b4282c60e6c189c2a6ff0d5260f4e5993de5404eb2553b45911
OLD_P03_S04_MIX_0002.jpg,train,p03_mixed,initial_ai_or_local,mouse;keyboard,2,f8a620723113c77c7e5d09824487ec2bb93c135bd5e3418431e4fd387f1949a0
OLD_P03_S04_MIX_0003.jpg,train,p03_mixed,initial_ai_or_local,laptop,1,d8a36bbdfe425c379df2fd3939ad4d5b1f335c952bacff33c79a4b0502c3cfca
OLD_P03_S04_MIX_0004.jpg,train,p03_mixed,initial_ai_or_local,mouse;keyboard,2,d8995436bd5819cee43b9f43a56a5c37ac8f1c69adeba8d617c0942bd2bdba75
OLD_P03_S04_MIX_0005.jpg,train,p03_mixed,initial_ai_or_local,mouse;headphones,2,7a45199e2d20a5ff57b8c7aaf755e73f583507988cbcdd010aa03b0231255de7
OLD_P03_S04_MIX_0009.jpg,train,p03_mixed,legacy_imagegen_independent_base,mouse;laptop,2,ec41056c5547247086e7364fca843b65016bbca168c1f85d27df8911c42a55b7
OLD_P03_S04_MIX_0010.jpg,train,p03_mixed,legacy_imagegen_derived_variant,mouse;laptop,2,4352efeff53c11eeedd1f13f31b4667349eddc0ae77235063caefc6528d832f0
OLD_P03_S05_NEG_0001.jpg,train,p03_mixed,ai_generated_replacement,,0,1212f767793d605ba26c2a27e837ab9974e9c7c6c1e2ebb5b7044a67fd6e8ef0
OLD_P03_S05_NEG_0002.jpg,train,p03_mixed,initial_ai_or_local,,0,26d37f142ac13a50b66e18d7b9aa0209f959868cd48e8e141c58436b76d9cec0
OLD_P03_S05_NEG_0003.jpg,train,p03_mixed,initial_ai_or_local,,0,4651ea9ee66766e3cb25cfae41bd3d103fa2f143bc2dd32f1901303d3a3063a0
OLD_P03_S05_NEG_0004.jpg,train,p03_mixed,initial_ai_or_local,,0,f1b3eef07113dcb8429a55acaba90ac9e138de0436c0384b005970cfc2b9cfec
OLD_P03_S05_NEG_0005.jpg,train,p03_mixed,initial_ai_or_local,,0,d27145aa24a287c7deae9b8f419bd61158236eff753fa26d13e38721baf1f505
OLD_P03_S05_NEG_0006.jpg,train,p03_mixed,initial_ai_or_local,,0,1c83c92beec91ecb3cc7414d9c2778de1ff742039f30ce5b60f0c4966c89009b
OLD_P03_S05_NEG_0007.jpg,train,p03_mixed,legacy_imagegen_independent_base,,0,5150170fa37cd1b362d9e4cb6470a38aa30292a1eaf5aa54529bcb065009d77b
OLD_P03_S05_NEG_0008.jpg,train,p03_mixed,legacy_imagegen_derived_variant,,0,6253a6b61a3692bbb0c149f55044daa2d9414ba8fe413344d5f01a9189e1e5ca
OLD_P03_S05_NEG_0009.jpg,train,p03_mixed,legacy_imagegen_independent_base,,0,2ab70024167834b742121c20d11c4252e9b123256e3aaaa0582eb71a1526582e
OLD_P03_S05_NEG_0010.jpg,train,p03_mixed,legacy_imagegen_derived_variant,,0,ef5590010022998d998838e1a39826c5841012d8063c01a4cd11ce5d49150771
OLD_P03_S05_NEG_0011.jpg,train,p03_mixed,legacy_imagegen_independent_base,,0,d2114226897865a00c6a19673f5d679454e75182d45b247841311370fbf61c66
OLD_P03_S05_NEG_0012.jpg,train,p03_mixed,legacy_imagegen_derived_variant,,0,f3ad5f3373b304df0e58ee196265b253272813d4504749a54a6210e9fa3df41d
OLD_P03_S05_NEG_0013.jpg,train,p03_mixed,legacy_imagegen_independent_base,,0,e354d54d811069cdd2c05294a787ef26c773089ccff670738ff7105d8ac557ef
OLD_P03_S05_NEG_0014.jpg,train,p03_mixed,legacy_imagegen_derived_variant,,0,9f4c08a81656de9b7eb5251cc2e4eb85878456d609ca40f5a58f10c7b32cce08
OLD_P03_S05_NEG_0015.jpg,train,p03_mixed,legacy_imagegen_independent_base,,0,d6bee5d1a3504df65add7d669c8c5751a87c9048009c7f39b9113b40cd0f4777
OLD_P03_S05_NEG_0016.jpg,train,p03_mixed,legacy_imagegen_derived_variant,,0,c4738019c2b549579189d4a39cb5c8c3332fa0197f385cef3ba74b83740e6de4
OLD_P03_S05_NEG_0020.jpg,train,p03_mixed,user_real_photo,,0,f55cfe69133f7c1cb91e8bc7f798f8b76c26e9d75e0b39ddc0de2107916f3a4d
OLD_P03_S05_NEG_0021.jpg,train,p03_mixed,user_real_photo_derived_variant,,0,d0f3076a506ed834c9396d12df79d10ad9c7210d42bb6637cfe4e25aaa6672f9
OLD_P03_S05_NEG_0022.jpg,train,p03_mixed,user_real_photo_derived_variant,,0,4bce706f12243c8cd7ca09ae4e5157643d94e371b68848edc3ca1e4cdb2cf228
OLD_P03_S05_NEG_0023.jpg,train,p03_mixed,user_real_photo,,0,0a56eb0290a327f124ca541a3f4b8f5103d2772db63b2a2c3b6fed98365366e3
OLD_P03_S05_NEG_0024.jpg,train,p03_mixed,user_real_photo_derived_variant,,0,693f4ba6669e83fe3fab63936124c45cb69fc8fbd67d2a8de0b8a6144cb26786
OLD_P03_S05_NEG_0025.jpg,train,p03_mixed,user_real_photo_derived_variant,,0,ff3e0896043ff75d33ce2d73aac1bb1ed38b6d042beec974e40220860e42d48d
OLD_P05_S01_HDP_0101.jpg,train,p05_mixed,generated_image,headphones,1,a44c1d263f1e6dc441b0ef563e06dbcf63134c6cbd4ed47e9909672ad9279fff
OLD_P05_S01_HDP_0102.jpg,train,p05_mixed,generated_image,headphones,1,c26063ddbf46d6376a485b174c68ed1e42d87e70e591346e19be72822f6e7323
OLD_P05_S01_HDP_0103.jpg,train,p05_mixed,generated_image,headphones,1,fa32e6a7d4131f78a2076dd091b29b87ef3b991954cd70146e5e2b45d6142173
OLD_P05_S01_HDP_0104.jpg,train,p05_mixed,generated_image,headphones,1,73d716b3e904b98d994eb2172a8ad55517f8cedc504db2c5409bbb91a950d9b5
OLD_P05_S01_HDP_0105.jpg,train,p05_mixed,generated_image,headphones,1,d6be2db408a2e0079072d9ebc90895bafaae164564072d8f9d537c9ef8a7263a
OLD_P05_S01_HDP_0106.jpg,train,p05_mixed,generated_image,headphones,1,c7210d4cf6463812ce2b405073d072aafe4afc77aa3131856ca1ef3fa71a3a1f
OLD_P05_S01_HDP_0108.jpg,train,p05_mixed,generated_image,headphones,1,772391fec53d0a53e912daa69de15c4177b1406e007f873cf674500c80839b02
OLD_P05_S01_HDP_0110.jpg,train,p05_mixed,generated_image,headphones,1,5a505326b8219cd696cf37c6f714f150f9c750b8aecac342363adb49ea2f805b
OLD_P05_S01_HDP_0111.jpg,train,p05_mixed,generated_image,headphones,1,3618a7cabb9609d27c118a9cfa81858123c4b3f6c04c3c5a16d396d04ee7f7d8
OLD_P05_S01_HDP_0112.jpg,train,p05_mixed,generated_image,headphones,1,77f7326da858a53ff6811636de55cd91b837374c9f5c4afd66f90e4c6f762420
OLD_P05_S01_HDP_0113.jpg,train,p05_mixed,generated_image,headphones,1,980fe3a69b277be2a1552fb4c2388a4540330e4dcfceedb88ad4fe9bd41f3e62
OLD_P05_S01_HDP_0114.jpg,train,p05_mixed,generated_image,headphones,1,df038b95eeaa9f7d49b54911c957e6325cbdc85d2cf8149c750d162b57d0f878
OLD_P05_S01_HDP_0115.jpg,train,p05_mixed,generated_image,headphones,1,4aad42ceaf96e41795c7097bbfd7e2278b2af40bfd06cd30e6517d4017e0ed2c
OLD_P05_S01_HDP_0116.jpg,train,p05_mixed,generated_image,headphones,1,54a358d65b1e147e81e477d958ac31204a069f68bf328bf040e0fb0d9723eb4a
OLD_P05_S01_HDP_0118.jpg,train,p05_mixed,generated_image,headphones,1,42e0b1af0d61003782dd8df25f3108288faeeb96724a2625d6d8db7de678d536
OLD_P05_S01_HDP_0119.jpg,train,p05_mixed,generated_image,headphones,1,32b240180207f012c061239b34ef77886e940ebe19f0101f54e5292a34f546a8
OLD_P05_S01_HDP_0120.jpg,train,p05_mixed,generated_image,headphones,1,0ad39a8e8940093258333f20d70de8417dc5990d727a521917011b7ccbfe4de2
OLD_P05_S01_HDP_0121.jpg,train,p05_mixed,generated_image,headphones,1,08c5f114c93397d6b13d73ac1e036e1fdd7c042134f967eff5a2de8f07b5e452
OLD_P05_S01_HDP_0122.jpg,train,p05_mixed,generated_image,headphones,1,954f4c61b70af32882d6a94cbbd1f8224fa12a99c6855b78ffdbb062b7cb2a47
OLD_P05_S01_HDP_0123.jpg,train,p05_mixed,generated_image,headphones,1,2a82f2d06583a061f0ec918e1b777119edf0a2871b92240a605c05e6cc4badd5
OLD_P05_S01_HDP_0124.jpg,train,p05_mixed,generated_image,headphones,1,736b4e2799f5eb18c5577afe7ed728a4e79a199ea29362cdb010539d6564f836
OLD_P05_S01_HDP_0125.jpg,train,p05_mixed,generated_image,headphones,1,1d0bd7ad3ce0a0197e1912371c89757e58131f94317054768ca5787bc4a65a03
OLD_P05_S01_KEY_0026.jpg,train,p05_mixed,generated_image,keyboard,1,57f1ae20f2fe553d622b4ad9aa3a12434e7284f06dd69c73ccc6330e58481eba
OLD_P05_S01_KEY_0027.jpg,train,p05_mixed,generated_image,keyboard,1,3526ddbbd294622ec8483b6f090ad24e28dff84c6bb355fa746487a182d8157c
OLD_P05_S01_KEY_0028.jpg,train,p05_mixed,generated_image,keyboard,1,bdab4676f9490f4e697ca1fd7a9a6759a95fb802a9a8ffcc137c2fbd63f6a301
OLD_P05_S01_KEY_0029.jpg,train,p05_mixed,generated_image,keyboard,1,21c31abc77b4085e05ae0785f4be0ee70f63e6c1609a0db6b814a1d32c9c523f
OLD_P05_S01_KEY_0030.jpg,train,p05_mixed,generated_image,keyboard,1,cedbac2bdf96c5694ab1d798210d3d8d94775f9a47517d04472e090633d41c01
OLD_P05_S01_KEY_0033.jpg,train,p05_mixed,generated_image,keyboard,1,c49fced67a6aec53dab78f10c6e9170de1197cef82b5a2998b22d042f5d4f850
OLD_P05_S01_KEY_0034.jpg,train,p05_mixed,generated_image,keyboard,1,9d79fc496b4ff8f1d62b289138ab8df8e5a71fee4751cf44d63912447853a844
OLD_P05_S01_KEY_0035.jpg,train,p05_mixed,generated_image,keyboard,1,b4dc3e20cd97862a1e3ddd67162223d110458b107f3a3760d4e9472c59f34bc5
OLD_P05_S01_KEY_0036.jpg,train,p05_mixed,generated_image,keyboard,1,f53448fdf64766a1f987bbb6dbecbbb340b1068e2a0b9e56c4e2047c32537f30
OLD_P05_S01_KEY_0037.jpg,train,p05_mixed,generated_image,keyboard,1,442b94fa2d0aa8f37291121b8b48f5d39a343df17b7d3ecbf03f8a2a3d49aa7a
OLD_P05_S01_KEY_0038.jpg,train,p05_mixed,generated_image,keyboard,1,f84315554a66e2b5ab22301c5d1f5e66358387c2c0e082caa0e7ecbd20ac00e7
OLD_P05_S01_KEY_0039.jpg,train,p05_mixed,generated_image,keyboard,1,23d6247f115f371008df9a217285379afbdfe281638c3416c22e3b1c4e13fe08
OLD_P05_S01_KEY_0040.jpg,train,p05_mixed,generated_image,keyboard,1,ac77871ac21b6d75346e51f313ddad57d29786c5a7af16dda530b6fd95edef07
OLD_P05_S01_KEY_0041.jpg,train,p05_mixed,generated_image,keyboard,1,20a50c7319c261960dc92557278d8e58af4bd5ce4b33a8798fc166c241816447
OLD_P05_S01_KEY_0042.jpg,train,p05_mixed,generated_image,keyboard,1,7963d324a3e303c80e3363bfe0cf74986a32b7a6508fb7ebd0d4c4aae9bb18a0
OLD_P05_S01_KEY_0043.jpg,train,p05_mixed,generated_image,keyboard,1,f342dc565b48384a0b98922d92b6750064c1a795e8b4e646100fd6dc4aff0f33
OLD_P05_S01_KEY_0044.jpg,train,p05_mixed,generated_image,keyboard,1,ebbfe755af703c9a8dec64dd91765bb33c0716dd82ac5fa8545d1463424ef216
OLD_P05_S01_KEY_0045.jpg,train,p05_mixed,generated_image,keyboard,1,befebf0a78c85e61bd35da300b076d510a059726919f920368df5d9f66e09065
OLD_P05_S01_KEY_0046.jpg,train,p05_mixed,generated_image,keyboard,1,bb816484b23ef5cecb00a919a9cb78b0af29857555fce5705cee384be2f111bc
OLD_P05_S01_KEY_0047.jpg,train,p05_mixed,generated_image,keyboard,1,a6ab91a0395e90d1921ee72d8dfd335abd11b2262b19eebc418dc9506ef78597
OLD_P05_S01_KEY_0048.jpg,train,p05_mixed,generated_image,keyboard,1,75ba4f92558965598c855ee04917ebaf51954ace2c849bfc185f1c29fd4d81cf
OLD_P05_S01_KEY_0049.jpg,train,p05_mixed,generated_image,keyboard,1,1a9291715c21460de9ffcf83f39d5efba2c10d0479ef0463e9da41cf0780c01a
OLD_P05_S01_KEY_0050.jpg,train,p05_mixed,generated_image,keyboard,1,8260e71ab762e2b332ca473dfd16c02281128ee4fb44bdb458b213d6a1d6ff1f
OLD_P05_S01_LAP_0051.jpg,train,p05_mixed,generated_image,laptop,1,64c6757e6c40d2ebec5c8ecd2a20b53e9b1d2f2db6dd9bffa8481b341c9568dd
OLD_P05_S01_LAP_0052.jpg,train,p05_mixed,generated_image,laptop,1,bebac57b458b258b6d852ce8f7edf4927986a79c729c177540ad670488c21807
OLD_P05_S01_LAP_0053.jpg,train,p05_mixed,generated_image,laptop,1,831b40eda71e37a85265c81c77e1058bd8a7acd17333d89fe8192070e13dddb7
OLD_P05_S01_LAP_0054.jpg,train,p05_mixed,generated_image,laptop,1,32e4943236245452101aa4eee3ddd26bfcc6a08c675d4d1d89bb4af2238e62e2
OLD_P05_S01_LAP_0055.jpg,train,p05_mixed,generated_image,laptop,1,41a8743d5b05be02cc6ff6499ef537d249aea77c66ba46e805e0f98413c9812c
OLD_P05_S01_LAP_0056.jpg,train,p05_mixed,generated_image,laptop,1,fbefad193c837abd7865f9fc179e1389d65923f9326b91fec6f4c80077b678b1
OLD_P05_S01_LAP_0057.jpg,train,p05_mixed,generated_image,laptop,1,37661c334d7581d8ecd398b2f0d5e54424b73f81da233d303a9b1e0b21edd527
OLD_P05_S01_LAP_0058.jpg,train,p05_mixed,generated_image,laptop,1,42de9067f75a52095a146d40b6fd742570afab6a4b39901185a470273065ae86
OLD_P05_S01_LAP_0059.jpg,train,p05_mixed,generated_image,laptop,1,c8a213c0ce1acd5378754e0ed60ae83602ae28f7e1e7d1a34d868cd1afddc0c2
OLD_P05_S01_LAP_0060.jpg,train,p05_mixed,generated_image,laptop,1,0a0ce1aeef1aeeb8381637a81388a63cff52d2a4b138cbf8214031ef8010f59f
OLD_P05_S01_LAP_0061.jpg,train,p05_mixed,generated_image,laptop,1,c5c5780e88ae7ce0e17dae4c7cd03bed6fd22334a324c678f9944ceb63004451
OLD_P05_S01_LAP_0062.jpg,train,p05_mixed,generated_image,laptop,1,129e95c0771530730af5ab772e17cdb2363627213417415aeef9535018817132
OLD_P05_S01_LAP_0063.jpg,train,p05_mixed,generated_image,laptop,1,25517a5f7cf8075fd55b788eb0eb2b2dee35ab301f88e327378dc82dc34bbffc
OLD_P05_S01_LAP_0064.jpg,train,p05_mixed,generated_image,laptop,1,faba4ac654849c2340653f111686518e091170b721a30d28d1efdbf16d0b7565
OLD_P05_S01_LAP_0065.jpg,train,p05_mixed,generated_image,laptop,1,dc16a0a36b1a5e8dbb667b64e9e65ad4283b5658e94e3d35e9ba466f90b00201
OLD_P05_S01_LAP_0066.jpg,train,p05_mixed,generated_image,laptop,1,9c965a2d9b56063b67c279638e66eddcc7d65957a75bcd94c300f1db1205f1be
OLD_P05_S01_LAP_0067.jpg,train,p05_mixed,generated_image,laptop,1,6639e61cdfee87fab22e2a4c7d3f8f6f274f8f4cee0b543c1dae2ca33355a791
OLD_P05_S01_LAP_0069.jpg,train,p05_mixed,generated_image,laptop,1,4e00d257601961ea5e06a9f4e37e375d9321456d6ae4d51a44ba4469b2329590
OLD_P05_S01_LAP_0070.jpg,train,p05_mixed,generated_image,laptop,1,fbe950084b4f25aa69c315e105e5f3fdce4bb3768923c5f9498b20502636a95a
OLD_P05_S01_LAP_0071.jpg,train,p05_mixed,generated_image,laptop,1,f39ea84cfb32bccc1cbe6e87968e06ba230d3f4ed08e32cca85879c72b4c4f73
OLD_P05_S01_LAP_0072.jpg,train,p05_mixed,generated_image,laptop,1,d1d794d02fb6b8c5798827e973836c8b4c3c6f8d6b500926fe8ac76d11f8f389
OLD_P05_S01_LAP_0073.jpg,train,p05_mixed,generated_image,laptop,1,7f3946c1e8949f5f1d804f8d789de4f4745e84a508e52d667e68c97a0e2d0363
OLD_P05_S01_LAP_0074.jpg,train,p05_mixed,generated_image,laptop,1,046ef8da3558da30cfec24b5caa4cbc773325aed927ee4fee93b26a314587075
OLD_P05_S01_LAP_0075.jpg,train,p05_mixed,generated_image,laptop,1,431f67de18edb72e13f1168b36210bf384cd7d73eaea12675cd0ef4e923de362
OLD_P05_S01_MOU_0001.jpg,train,p05_mixed,generated_image,mouse,1,ec3d982ec838cf3afee240368a36dffe8815d3497b89f9c28f0dfc8aa98c731c
OLD_P05_S01_MOU_0002.jpg,train,p05_mixed,generated_image,mouse,1,017878ceb58a172980b23984e76c0ee95fd0a959091c97537da3ec8b64fe97ab
OLD_P05_S01_MOU_0003.jpg,train,p05_mixed,generated_image,mouse,1,651d262f260cd26160012691c925ca3b93ca7eb24fec467e994af27d6991df23
OLD_P05_S01_MOU_0004.jpg,train,p05_mixed,generated_image,mouse,1,2d71e10792f65b236b73532727c02fc3144e616a740a8142f68eaea01e5542e2
OLD_P05_S01_MOU_0005.jpg,train,p05_mixed,generated_image,mouse,1,77955beb99f8993c2aecdacbcbe5d5f863b04c943121bf9a93b718a765924f18
OLD_P05_S01_MOU_0006.jpg,train,p05_mixed,generated_image,mouse,1,e37ebdda1505ac353e4856d6eb2e40d254fb390147c33065ce98516e701a5002
OLD_P05_S01_MOU_0007.jpg,train,p05_mixed,generated_image,mouse,1,0c8732556d72e9bbfa5a8326918850cf772fc0449434f9566bf778bfa7bc4520
OLD_P05_S01_MOU_0008.jpg,train,p05_mixed,generated_image,mouse,1,f72d33439729df9d9779a0a2d8f9fb21e6fe26371ff3bb9ec0e4211e06a576e8
OLD_P05_S01_MOU_0010.jpg,train,p05_mixed,generated_image,mouse,1,c7f3a74c0353eab074e90465ec126b59edb9a41849f226dd5a3eb7d2ad62ae4a
OLD_P05_S01_MOU_0011.jpg,train,p05_mixed,generated_image,mouse,1,9a449accd9a9a5db7cd787bdea026abdb9449a4012073c35c6e2906e512a79c0
OLD_P05_S01_MOU_0012.jpg,train,p05_mixed,generated_image,mouse,1,41a1815268c2de32607697db33f3b1d62773b1e498ed4401968a283107d7ed77
OLD_P05_S01_MOU_0013.jpg,train,p05_mixed,generated_image,mouse,1,d51ff59296f0c1e50d7e74dc2453d7c5f78ed37e92b1a08f94368be3291f7146
OLD_P05_S01_MOU_0014.jpg,train,p05_mixed,generated_image,mouse,1,9c246c1ba135b9d50beb9dd705dc7d2ce202448c9e022f3899e0deaedd6c43d0
OLD_P05_S01_MOU_0015.jpg,train,p05_mixed,generated_image,mouse,1,2dda68c32d36f733ec4bf682788a82ad5e1b5b4917b4f9447b7930321c4987b2
OLD_P05_S01_MOU_0016.jpg,train,p05_mixed,generated_image,mouse,1,326b1709ec264387420a6cf98fe819e2712ec566f30629f3761d5546bbf65104
OLD_P05_S01_MOU_0017.jpg,train,p05_mixed,generated_image,mouse,1,267690d4f81c77457dfa0b1932e6bbd3c4700e5a778a9db4c746545bd403da37
OLD_P05_S01_MOU_0018.jpg,train,p05_mixed,generated_image,mouse,1,4010ea1649173fbde3c990d77a57cc2a4d9d38ced22b4abeea149d5aa0965c52
OLD_P05_S01_MOU_0019.jpg,train,p05_mixed,generated_image,mouse,1,4ebea99aed68716387f835b079b09691a2c97c8b0fc81f19dfaf0dfd73d62ef2
OLD_P05_S01_MOU_0020.jpg,train,p05_mixed,generated_image,mouse,1,5c3b5fbd21134aa7023259cb1358caefd65d385e8fe5380be6b693f8e3d84d1a
OLD_P05_S01_MOU_0021.jpg,train,p05_mixed,generated_image,mouse,1,06eea18ad6adc7a4b38fdac02e45de7a0eec7787eb0c7fea5a69320c60f922d6
OLD_P05_S01_MOU_0022.jpg,train,p05_mixed,generated_image,mouse,1,9321999fae3a4800775081cf76fec07cc63955f884a72fdbf698af6fb9646a76
OLD_P05_S01_MOU_0023.jpg,train,p05_mixed,generated_image,mouse,1,b4ef7c8d23811af6e14eaa3da0ea18fd562e08b434f151002bdb5a46f728f378
OLD_P05_S01_MOU_0024.jpg,train,p05_mixed,generated_image,mouse,1,8f34e79a856ce958e56ac7053271ff5716e7afb86e21a59bdfa6777d37dbc498
OLD_P05_S01_MOU_0025.jpg,train,p05_mixed,generated_image,mouse,1,e86b3da413ca7bece5e5dcefd03456c1d508ef817081f484ea02ef7052e0cf4d
OLD_P05_S02_MIX_0001.jpg,train,p05_mixed,generated_image,mouse,1,ce412d9892c8536f0a794ece6710c2927fddc3b1697161fbf7e32d39c12ef25e
OLD_P05_S02_MIX_0002.jpg,train,p05_mixed,generated_image,mouse,1,73ba3f0661be0fa0669d8e9a92a0767c355a244ac456ce678402a718e3aafeb1
OLD_P05_S02_MIX_0003.jpg,train,p05_mixed,generated_image,mouse,1,182665d4372c5338d4f6798c356585e898392fcaf69919829ed2c87517741129
OLD_P05_S02_MIX_0004.jpg,train,p05_mixed,generated_image,mouse,1,57222ad4287d68e232b9c239b6bde4cd5e6a6115603d064d06122dbb205360cf
OLD_P05_S02_MIX_0005.jpg,train,p05_mixed,generated_image,mouse,1,dbf80bb9ac27469976d2a6c8005a46a6b3e6497e67e4fc07012fff172ea2390c
OLD_P05_S02_MIX_0006.jpg,train,p05_mixed,generated_image,mouse;headphones,2,9797b7c06c713f8a97569491b108181e22c9483850d377622b1184cd50abcdcd
OLD_P05_S02_MIX_0007.jpg,train,p05_mixed,generated_image,mouse;headphones,2,1b3c8c82f2af70bd0d69391360c3d6270ac3ce848dbb4478c0f808f41e2acdfc
OLD_P05_S02_MIX_0010.jpg,train,p05_mixed,generated_image,mouse;headphones,2,25bcdf21d5fd13f915ccce56eb0cfd61c3edb35d7a5189d9f99f5ad21bfb0ac4
OLD_P05_S02_MIX_0011.jpg,train,p05_mixed,generated_image,keyboard,1,8198feca3a2e896bc002c010ac75e23e8df99feb47eb33f1a72cb117fb2f73c9
OLD_P05_S02_MIX_0012.jpg,train,p05_mixed,generated_image,keyboard,1,bea5d2075e261fa668c1d51d97ca844d15b5c6965657821ac6754321cf4c5fd4
OLD_P05_S02_MIX_0013.jpg,train,p05_mixed,generated_image,keyboard,1,20dd507fd66e1afb7288fb380993f6d268de90454ae4faec2bdeb78c0b226355
OLD_P05_S02_MIX_0014.jpg,train,p05_mixed,generated_image,keyboard,1,427fa26be1386f050dada25927fa4a62fd6d339f9564ae83b7c1293f14835a7e
OLD_P05_S02_MIX_0015.jpg,train,p05_mixed,generated_image,keyboard,1,04aed4bee662cb861ad29baf3fc7db662e87f798a3fa0ee01bc50b466eee72fc
OLD_P05_S02_MIX_0016.jpg,train,p05_mixed,generated_image,laptop,1,bd7bfcc0172bcccfcad0d06d6059952ff7ad5a40185cc731fcfd581c458a9d1e
OLD_P05_S02_MIX_0017.jpg,train,p05_mixed,generated_image,laptop,1,861b3469d26643687155f07c78d0b21a8f8c5beaefb3078c8933e2cb5022e78f
OLD_P05_S02_MIX_0018.jpg,train,p05_mixed,generated_image,laptop,1,29b8e1efbeb1433c2f73717c923ce60e3d4c04ad610fbb5dd5576979bb8f638a
OLD_P05_S02_MIX_0019.jpg,train,p05_mixed,generated_image,laptop,1,b477288c55dec454e56ded66e65646f006323b0e810637f27c5c25ed77374ba5
OLD_P05_S02_MIX_0020.jpg,train,p05_mixed,generated_image,laptop,1,fa8fa17f6224e48e7b93a8d8ed5680aece91669ee6ab267c5dc330448f70b52b
OLD_P05_S02_MIX_0021.jpg,train,p05_mixed,generated_image,laptop;headphones,2,4d42a5edb44ea0f26f0c79a852e6d840a67e1d0b7d10450df0b19d76c38adfef
OLD_P05_S02_MIX_0022.jpg,train,p05_mixed,generated_image,laptop;headphones,2,7b226fc22a5e23b39682e281d8c57a405090bf75683997de3f1cee3dc6a4587d
OLD_P05_S02_MIX_0023.jpg,train,p05_mixed,generated_image,laptop;headphones,2,1291a290ae1f4a45b5c398123f02b0512d22ac6a85293b742068f9ac685b4216
OLD_P05_S02_MIX_0024.jpg,train,p05_mixed,generated_image,laptop;headphones,2,957e95c17203795493d58930bbe5e34190b141d9e899802aa3cc86694e8a714c
OLD_P05_S02_MIX_0025.jpg,train,p05_mixed,generated_image,laptop;headphones,2,78b87cbd2372b4fc8d8c30163483aefdd92ed9e0c3ffecf9cb347d1fa818cffd
OLD_P05_S02_MIX_0027.jpg,train,p05_mixed,generated_image,headphones,1,159b4d92de081f19aa59d5914955eabdd654fa1b3467ecad7f86c8d24680151a
OLD_P05_S02_MIX_0028.jpg,train,p05_mixed,generated_image,headphones,1,5b73771e71a7f7637f0578a4304d36264275d74cc0a504808f4c0d9b253febcc
OLD_P05_S02_MIX_0029.jpg,train,p05_mixed,generated_image,headphones,1,febd36dcc67231f2d63bfa610d8ac8ae795ccc2b937682db70691f520ef39ccd
OLD_P05_S02_MIX_0030.jpg,train,p05_mixed,generated_image,headphones,1,e9e94f6d520e93526bab923769f6a88f538f8cde8b09baeb73eb1e5daeacc67e
OLD_P05_S02_MIX_0031.jpg,train,p05_mixed,generated_image,keyboard;headphones,2,dc74e94979042719022558a18bcab675fe10d0f90c4f18de327a9766133fe6ef
OLD_P05_S02_MIX_0032.jpg,train,p05_mixed,generated_image,keyboard;headphones,2,a5aae3bcbbf60bb62041cfc840fddd7fb2d2ab2c46bf11740075af033f27acdf
OLD_P05_S02_MIX_0033.jpg,train,p05_mixed,generated_image,keyboard;headphones,2,49853378cb067ae902d8bb1ea2df36a44ee41fc2d8af74cb06ee7afe55ac506a
OLD_P05_S02_MIX_0034.jpg,train,p05_mixed,generated_image,keyboard;headphones,2,ae9d416b6830277be96ea8d4e7e50c9eaa8f8bf5a9744d0591b8d7886ad9562a
OLD_P05_S02_MIX_0035.jpg,train,p05_mixed,generated_image,keyboard;headphones,2,bebad09c7ca84d7402a0b29cf6c2c852e635cf05480cf0c27051e54a4570eb94
OLD_P05_S02_MIX_0036.jpg,train,p05_mixed,local_capture,mouse;keyboard,2,886732401caf4dbff98b1f3d38332d7f292edde23446c3f8a16ae7109244c1d3
OLD_P05_S02_MIX_0037.jpg,train,p05_mixed,generated_image,mouse;keyboard,2,5f899cebb648e1076a9dcc61216f124829d9aa8866679976da8afd3a4928f609
OLD_P05_S02_MIX_0038.jpg,train,p05_mixed,generated_image,mouse;keyboard,2,bc87cf8e56a5b76f9674c780571ad3e16385fd3264902a3e67d799d32b44e0d8
OLD_P05_S02_MIX_0039.jpg,train,p05_mixed,local_capture,mouse;keyboard,2,21f8f0a630b710f8b7ef03f1a3c3a46221b6bb58ed84c6bdec97b2e01221ba42
OLD_P05_S02_MIX_0041.jpg,train,p05_mixed,local_capture,mouse;laptop,2,a47952a3872b25095c8feb22a2138fb1e20b39542267a680c369cbdc1cc627fe
OLD_P05_S02_MIX_0042.jpg,train,p05_mixed,local_capture,mouse;laptop,2,a138059274909ff9aa5d3687cc08c29ade0af21f37de17c467d9501b8219503b
OLD_P05_S02_MIX_0043.jpg,train,p05_mixed,local_capture,mouse;laptop,2,40c42df7e9f54238e9d7eeb2bf55d648c5fdcad91dbf72dc4f7bfa41a96dc0c5
OLD_P05_S02_MIX_0044.jpg,train,p05_mixed,generated_image,mouse;laptop,2,cb73d56ad1a751f6499c9e0a02bb38c1a0054ffab512e0873ec1cc974422c433
OLD_P05_S02_MIX_0045.jpg,train,p05_mixed,local_capture,mouse;laptop,2,62aa2ad6469fae79c645cb9fcef3cee3f3463872863ae2b1fa7b9c6c61bd80c8
OLD_P05_S02_MIX_0046.jpg,train,p05_mixed,open_images_v7,keyboard;laptop,2,856d875ab10a9ecb2510189e7bbfa12f3642b07fc5325a09bdca8f6a4016c7ae
OLD_P05_S02_MIX_0047.jpg,train,p05_mixed,open_images_v7,keyboard;laptop,2,414ee810f6e6d3ff97efe3fd43150c613081e1b42164d1f2212a37f5da77efa1
OLD_P05_S02_MIX_0048.jpg,train,p05_mixed,open_images_v7,keyboard;laptop,3,f14f7afa4cabdd3ad7d06412b0129fdd0a7d5bb68dcf879634b8f6b5a6b13a98
OLD_P05_S02_MIX_0049.jpg,train,p05_mixed,open_images_v7,keyboard;laptop,2,00f006b96e353ad40f6130b0dd881e88ebbbc84103e9231a4a208d524211b0fd
OLD_P05_S02_MIX_0051.jpg,train,p05_mixed,generated_image,mouse;keyboard,2,fe8168393096f027188e64ad0a04346dcad072bba9bcba7d02639d4430080561
OLD_P05_S02_MIX_0052.jpg,train,p05_mixed,generated_image,mouse;keyboard,2,2f55327d18137149306c770066bc4cfb53e7bbfe1fd0aa58ceec4147be0306ea
OLD_P05_S02_MIX_0053.jpg,train,p05_mixed,generated_image,mouse;keyboard,2,db5e0f1451690704c03afb4946cd46af200c43df40480840e3fc3ad9e46a6ef3
OLD_P05_S02_MIX_0054.jpg,train,p05_mixed,generated_image,mouse;keyboard,2,5746b4093682d8808ccfbc880f0a0f64a54d5dfa010a6b28c063185c3e54fdc1
OLD_P05_S02_MIX_0055.jpg,train,p05_mixed,generated_image,mouse;keyboard,2,8374b48efe3750994ee29e2417f5fbef7e038be1bdbd6b573e641119bd18fb7c
OLD_P05_S02_MIX_0056.jpg,train,p05_mixed,generated_image,mouse;keyboard;headphones,3,13771706d83532e281ae2c42c4b38b19a09e3f516a64cee1d1078d88fe9c3272
OLD_P05_S02_MIX_0057.jpg,train,p05_mixed,generated_image,mouse;keyboard;headphones,3,09253b289a7ad2af63b2381027d5ec1bad4f340883172f421890f664e0b126b3
OLD_P05_S02_MIX_0058.jpg,train,p05_mixed,generated_image,mouse;keyboard;headphones,3,52fb0a3d307efb883a3d96f626be658943828082a4c6636cab8f601bc7509a55
OLD_P05_S02_MIX_0059.jpg,train,p05_mixed,generated_image,mouse;keyboard;headphones,3,46199c37010d3000534c2e6f3f5a42f833d89385318fa4d6a1291f0be9e452b2
OLD_P05_S02_MIX_0060.jpg,train,p05_mixed,generated_image,mouse;keyboard;headphones,3,5efd450d10f8f8d007ba1bd67f704573a38365ffcfc123ea28a7e055afd605fe
OLD_P05_S02_MIX_0061.jpg,train,p05_mixed,generated_image,mouse;laptop,2,ee5adac82b469650a66e4093e8bfd596ee31c02b40193a535a0f4387fd5f05eb
OLD_P05_S02_MIX_0062.jpg,train,p05_mixed,generated_image,mouse;laptop,2,58753edefb7abbc9071b913dd6410e3693b3fb709c73f67e9e134ffa55d40fba
OLD_P05_S02_MIX_0063.jpg,train,p05_mixed,generated_image,mouse;laptop,2,e25d816d2959fd79bcfac77f766f9e5aa1935d79129a1482bd2f4fa332921d2d
OLD_P05_S02_MIX_0064.jpg,train,p05_mixed,generated_image,mouse;laptop,2,4bab44b9efedfdc7c53578966765744d20afc315ed2624ef7b06e1432f60845d
OLD_P05_S02_MIX_0065.jpg,train,p05_mixed,generated_image,mouse;laptop,2,fe7eb08d4e04638b3576bf9f9f9038251ee2b6f5bc7997ea4632aa38f1957cf8
OLD_P05_S02_MIX_0066.jpg,train,p05_mixed,generated_image,mouse;laptop;headphones,3,8d745f18ac3d01a380a9c247bec206f2da2c0c773f50391f274c4eb39504d7fa
OLD_P05_S02_MIX_0067.jpg,train,p05_mixed,generated_image,mouse;laptop;headphones,3,bf1313626aefa6c6fa2c601449c270b4caf450f25983c1fd288d23952f877765
OLD_P05_S02_MIX_0069.jpg,train,p05_mixed,generated_image,mouse;laptop;headphones,3,bfd10534ad8721bdf9ad5d3911a693ce6db729f391fce902960139484024e8d9
OLD_P05_S02_MIX_0070.jpg,train,p05_mixed,generated_image,mouse;laptop;headphones,3,4fda3ebe1acd1850eecbf3f530c580143ca651d84ce6b595b32be777ed292411
OLD_P05_S02_MIX_0071.jpg,train,p05_mixed,generated_image,mouse;headphones,2,e5368ff5726c5c36c346ecda9759486a7cb409eb06e22f108d61c54b05afc0e5
OLD_P05_S02_MIX_0072.jpg,train,p05_mixed,generated_image,mouse;headphones,2,058aa78573c8a11daf5b786957d7c590d3c5fb0ffff0d23cb761b0c2d9e646f8
OLD_P05_S02_MIX_0073.jpg,train,p05_mixed,generated_image,mouse;headphones,2,c20f9c609fa1571b1aa5902ca8736031f74cf1f46734ae77e24d08dd330b36b5
OLD_P05_S02_MIX_0074.jpg,train,p05_mixed,generated_image,mouse;headphones,2,cfc858a03703079091e73874ad3919bb6aa050e13f07f3a65474a8a424b81162
OLD_P05_S02_MIX_0076.jpg,train,p05_mixed,generated_image,keyboard;laptop,2,f91ffdea96d631ffaa0057f57506f24c7c56b424da56f20e06dd72b8b561dae3
OLD_P05_S02_MIX_0077.jpg,train,p05_mixed,generated_image,keyboard;laptop,2,0bdf7e05c1524b188d12e86aca9b3e93c16f822451eece824b36fc4e3a8688b1
OLD_P05_S02_MIX_0078.jpg,train,p05_mixed,generated_image,keyboard;laptop,2,e5614782ca90342cf4333c25985d3908c3ba2ad1d6571746bae1417ee110d0ae
OLD_P05_S02_MIX_0079.jpg,train,p05_mixed,generated_image,keyboard;laptop,2,31c1e5048bc98cf1da78b84928f3ba3173ee7ed28edc01ba0aea40e3efc5d582
OLD_P05_S02_MIX_0080.jpg,train,p05_mixed,generated_image,keyboard;laptop,2,f9f1ff057b4a3649e2d16a80095233f2b18da385dea6869825b65da81b3b5b10
OLD_P05_S02_MIX_0081.jpg,train,p05_mixed,generated_image,keyboard;laptop;headphones,3,d4782afb30e79ee3d590eae1a05865987d7999cad971d76ed0392d9714bc9b0f
OLD_P05_S02_MIX_0082.jpg,train,p05_mixed,generated_image,keyboard;laptop;headphones,3,3131f840c37a6588018380540643647e531218b44a60a2d6846ab33478be7f25
OLD_P05_S02_MIX_0083.jpg,train,p05_mixed,generated_image,keyboard;laptop;headphones,3,6a84c74f239a1decae5de55c1b2c68c9d5dbc7f776c9f10c39d3bb19d4ec764e
OLD_P05_S02_MIX_0084.jpg,train,p05_mixed,generated_image,keyboard;laptop;headphones,3,07ab842813ea41149731fcf6862dba6e3092975efe771ec5013218eddc49f8ea
OLD_P05_S02_MIX_0085.jpg,train,p05_mixed,generated_image,keyboard;laptop;headphones,3,45b9c1753425f3494b67c723d69b6411e250d8cbeb2c481a3b1c73961824a72d
OLD_P05_S02_MIX_0086.jpg,train,p05_mixed,generated_image,keyboard;headphones,2,aab41531839293caa8040f5d10a2e8220e03f16e9ddd4e029ea61ac942d2b07b
OLD_P05_S02_MIX_0087.jpg,train,p05_mixed,generated_image,keyboard;headphones,2,c9b696448179d442553442aa8bad6c5a2e0e3a146063159d018e8da5530199e5
OLD_P05_S02_MIX_0088.jpg,train,p05_mixed,generated_image,keyboard;headphones,2,015a1872f6719b7fcb896c429c9459bbf3d516f78a3d45119ad5e6edeeb903f9
OLD_P05_S02_MIX_0089.jpg,train,p05_mixed,generated_image,keyboard;headphones,2,1fa3ef5331da5f122c5a007201135fd605645d7d826ebd88d8fb49fbaea76c59
OLD_P05_S02_MIX_0090.jpg,train,p05_mixed,generated_image,keyboard;headphones,2,396875dbe2e8c0e402fd9d0cb9b8201518074e23f8c029264eb9cb69e0265c26
OLD_P05_S02_MIX_0091.jpg,train,p05_mixed,generated_image,laptop;headphones,2,526ccb6cf4154c1478a7c8594526333ace0d2c1f774f29c00404ff6cc0eacbf2
OLD_P05_S02_MIX_0092.jpg,train,p05_mixed,generated_image,laptop;headphones,2,db38cd4ce97a2a7eb911fc13eb7252703d6d5cf2d5cc92d6de13c24acc3a7b90
OLD_P05_S02_MIX_0093.jpg,train,p05_mixed,generated_image,laptop;headphones,2,6545b5f08944cc251ac02aee343d6f7a338ca8cfce7ef8e2056fa2ad55f6935b
OLD_P05_S02_MIX_0095.jpg,train,p05_mixed,generated_image,laptop;headphones,2,064ca571b013a0a32506d5965514160e42ebe6a773a69a60af192210d66d10de
OLD_P05_S02_MIX_0096.jpg,train,p05_mixed,local_capture,mouse;keyboard;laptop,3,4689a1e918b8043b47453a8602bab284f97ab26ba7050341d5a96a1e43e2fb32
OLD_P05_S02_MIX_0097.jpg,train,p05_mixed,local_capture,mouse;keyboard;laptop,3,906d49a7f35cf26f9addc373081afa03715522c6c67961dacbe909e4618bfa8e
OLD_P05_S02_MIX_0098.jpg,train,p05_mixed,local_capture,mouse;keyboard;laptop,3,c532a4620718279fbcc30b67884e8961a6e4f7b2a8f12fa1d3f085924ad41226
OLD_P05_S02_MIX_0099.jpg,train,p05_mixed,generated_image,mouse;keyboard;laptop,3,3decf439b668cd7b54759e08c7ab3e8339bd260248dbd79348d63d6aecaa57eb
OLD_P05_S02_MIX_0100.jpg,train,p05_mixed,generated_image,mouse;keyboard;laptop,3,ab79adf6dd6e1a68dd1e5508d7d327c1e2f8ec821e9e67e3702cf026dcec905b
OLD_P05_S02_MIX_0101.jpg,train,p05_mixed,generated_image,mouse;keyboard;laptop,3,e232c0fda6aadb7b5fc97cd3f8a9d655cc1250e4432740c6883a0b876ca3965e
OLD_P05_S02_MIX_0103.jpg,train,p05_mixed,generated_image,mouse;keyboard;laptop,3,708370dc5e2934502786a789ca440c2a364a90e2345e01c78e5d0c46b3f68fee
OLD_P05_S02_MIX_0104.jpg,train,p05_mixed,generated_image,mouse;keyboard;laptop,3,c42f64efa8677c2520714bc1d4f1b826b3e5eb161b48a586d2e6146e9cd4091a
OLD_P05_S02_MIX_0105.jpg,train,p05_mixed,generated_image,mouse;keyboard;laptop;headphones,4,51adfa3e31f1a0543d909dd0b58820b2fbe4d67ad6cfca821e402fa1d959963f
OLD_P05_S02_MIX_0107.jpg,train,p05_mixed,generated_image,mouse;keyboard;laptop;headphones,4,12dc6beed10aee0c6da9154be8326e78dd3520a9624a873267ccfb31fe017934
OLD_P05_S02_MIX_0109.jpg,train,p05_mixed,generated_image,mouse;keyboard;headphones,3,716f82cd6cb976b6442a5e58564536008e7000c678176ca59708f9360d1d384d
OLD_P05_S02_MIX_0110.jpg,train,p05_mixed,generated_image,mouse;keyboard;headphones,3,df58aa0c3f985836aeb995fbe4484645f4bfcfb1778fbe50b383299d3099944a
OLD_P05_S02_MIX_0113.jpg,train,p05_mixed,generated_image,mouse;laptop;headphones,3,41d018abae1d6ff68a43a1c82116f8544399f2bab7c590a0379a2ec2c4015b96
OLD_P05_S02_MIX_0114.jpg,train,p05_mixed,generated_image,mouse;laptop;headphones,3,c9c0d98148e69fcccdcf5ec6e93349953343b1505d5b8ab85cd490f1e91bb4a7
OLD_P05_S02_MIX_0115.jpg,train,p05_mixed,generated_image,mouse;laptop;headphones,3,6c4ff457b58dc90bf77b66fea2b7c60f1e25884539c14cdbc784047fc0569c5e
OLD_P05_S02_MIX_0116.jpg,train,p05_mixed,generated_image,mouse;laptop;headphones,3,7cec46b6fb6d8a5d2dc7f03630bc3ab3d0559e1c141a238eef676585d84c0951
OLD_P05_S02_MIX_0117.jpg,train,p05_mixed,generated_image,keyboard;laptop;headphones,3,2708e68b945ec1d7afd6cc8103afc3754d647f1341eccd3a2a527eeaab653b9e
OLD_P05_S02_MIX_0118.jpg,train,p05_mixed,generated_image,keyboard;laptop;headphones,3,225db10a01e0adfb77316e11a3f52afcf8cc677bae1620377820ad381bd6f112
OLD_P05_S03_HDP_0041.jpg,train,p05_mixed,generated_image,headphones,1,f336a3dc10ed8de7fae1d17eec700f4c2d3000608da39b77a8da1494ee0f9645
OLD_P05_S03_HDP_0042.jpg,train,p05_mixed,generated_image,headphones,1,9c0ccc1ec485d2c710ffdf6967820b9d1256c909b582c192c0767682880d7ef4
OLD_P05_S03_HDP_0044.jpg,train,p05_mixed,generated_image,headphones,1,8fd06acb517996867621608cc6765e3709c00e7cfb592a446e7def8e769c509e
OLD_P05_S03_HDP_0045.jpg,train,p05_mixed,generated_image,headphones,1,d649a30d87b1db20fb836401de4763a50fcc761859c0353e6716982aa10d1af9
OLD_P05_S03_HDP_0046.jpg,train,p05_mixed,generated_image,headphones,1,f6f21bf5d107c004e6b3b0141c4131a21f6f571d70fb6d8f8d14bb96f5a341fa
OLD_P05_S03_HDP_0047.jpg,train,p05_mixed,generated_image,headphones,1,b923b2774b7f74701f8e47365414e93a8b9c7b10e82fe96f47d456991a0739b5
OLD_P05_S03_HDP_0049.jpg,train,p05_mixed,generated_image,headphones,1,3bb92219650e04d7f20acd581e83426a6c0402d7fb7df9124696806297d4632d
OLD_P05_S03_HDP_0050.jpg,train,p05_mixed,generated_image,headphones,1,f428800790d9d9b06321f085b4498c1ead3708a0d832588ec2e2282faec0e262
OLD_P05_S03_KEY_0012.jpg,train,p05_mixed,generated_image,keyboard,1,c37ef52d8a46e60d60dbb45f3a9ef6a88ea066d54c80bed7a22514cac63998a5
OLD_P05_S03_KEY_0013.jpg,train,p05_mixed,generated_image,keyboard,1,5cca98aa7ecba8f649758c8c59273db1afa801911b653712c920bc56ccd755fe
OLD_P05_S03_KEY_0014.jpg,train,p05_mixed,generated_image,keyboard,1,175a96491a0cb185644dea3a319bb108a2c95cb24ff1cb60f621039c1f2f4239
OLD_P05_S03_KEY_0015.jpg,train,p05_mixed,generated_image,keyboard,1,f534b683419dc56338da465732ac12e2e8de7c944dfe43d158f0d3534ac58a00
OLD_P05_S03_KEY_0016.jpg,train,p05_mixed,generated_image,keyboard,1,3f8112762c923f3871d95a4aa593b766cc127aedd0ff21505f34c16bf65e7aea
OLD_P05_S03_KEY_0017.jpg,train,p05_mixed,generated_image,keyboard,1,2cbb85e5e6aa628d1c69d0e35b3fbf3ec75ba448c77357666ac6a751d721dd1c
OLD_P05_S03_KEY_0018.jpg,train,p05_mixed,generated_image,keyboard,1,8a9a524d16f8582d6c18760ee6fc732072ab7a579ac59d9dbb49c22920caa0bb
OLD_P05_S03_KEY_0019.jpg,train,p05_mixed,generated_image,keyboard,1,b2b6f37b2ff1ef916caa5beebea909e3e32a950744714377c17a0b4cdb329462
OLD_P05_S03_KEY_0020.jpg,train,p05_mixed,generated_image,keyboard,1,c78cd788ae26522c4964b88fb6bf8def8a8405157500fc6325e898d2cbdbec13
OLD_P05_S03_LAP_0021.jpg,train,p05_mixed,generated_image,laptop,1,5e077c81cacb3051aff90e8f8f3c22aad0e8408174dbfa286085f1b06c8c52e5
OLD_P05_S03_LAP_0022.jpg,train,p05_mixed,generated_image,laptop,1,ab305dae032a7c729b142566536c01da9275d889e5ff3010336bd6442d557737
OLD_P05_S03_LAP_0024.jpg,train,p05_mixed,generated_image,laptop,1,c049ffb0be98551aff2804d435933b489360531fe0c1cf1dd3897048ef786fc0
OLD_P05_S03_LAP_0025.jpg,train,p05_mixed,generated_image,laptop,1,8ab53f7a3a30f55f04873d8f1121945a95ba281e6888013d9a736d9496e92ead
OLD_P05_S03_LAP_0026.jpg,train,p05_mixed,generated_image,laptop,1,1bcdc1c46fcc2ab47a529deead97942f0901fef928a75583c3aa1267495257c4
OLD_P05_S03_LAP_0027.jpg,train,p05_mixed,generated_image,laptop,1,1256436f8f4b8062c7aa6e2cbec4175db5924d89b06d1f3d30f5ed22ea2551a7
OLD_P05_S03_LAP_0028.jpg,train,p05_mixed,generated_image,laptop,1,55b189484fc6bc9d29ae7d15574dad855795f8a2f38a76224cf3e3e04e47aae3
OLD_P05_S03_LAP_0029.jpg,train,p05_mixed,generated_image,laptop,1,80aaa916034938e79c183e540561e730f260a894589187bddd4b3e8706a08d38
OLD_P05_S03_LAP_0030.jpg,train,p05_mixed,generated_image,laptop,1,0425a78d6a6783e1d0ad950107b782505b6c1a0fb325914c6063ac2e8104438f
OLD_P05_S03_MIX_0051.jpg,train,p05_mixed,generated_image,mouse;keyboard,2,2150e1b12f3dc767eda522d34a237290aea946e389839cc5de331c9ca5134667
OLD_P05_S03_MIX_0052.jpg,train,p05_mixed,generated_image,mouse;keyboard,2,ce7e2b95afb70a7508a048d35bd98f85dfeb683837260e61a69544643121cd9e
OLD_P05_S03_MIX_0053.jpg,train,p05_mixed,generated_image,mouse;keyboard,2,266b30478a1236dbb3dfc5c9d44bef1fd73ebd53fecfa9205d26dd6cac7cc5dd
OLD_P05_S03_MIX_0054.jpg,train,p05_mixed,generated_image,mouse;laptop,2,bfae07a0f38f9ef6680ddc101f58ce112bd5319141f07bd6b70c664b46930156
OLD_P05_S03_MIX_0055.jpg,train,p05_mixed,generated_image,mouse;laptop,2,2689a7a976753e5905265984f4e2df67e17b051d6cd630aacee436153c575e66
OLD_P05_S03_MIX_0056.jpg,train,p05_mixed,generated_image,mouse;laptop,2,53c3709ab6f5cbb1dc03a5c2aa1dc0c0c6689cfce7e67e22de92f947f53b60f0
OLD_P05_S03_MIX_0057.jpg,train,p05_mixed,generated_image,mouse,1,557279209c1302b847a9956eefe3b5f44bf7ac4fa952d2bbcc15ba3bd1f28d17
OLD_P05_S03_MIX_0058.jpg,train,p05_mixed,generated_image,mouse,1,989d01795140c15ca816793e18ea221a710bc8e56796d6c0f7869013e94856ea
OLD_P05_S03_MIX_0059.jpg,train,p05_mixed,generated_image,mouse,1,bfdbee2356106d47dd4576ae9712dfaf5709b6d856b6b9ff52c34a9f03124fed
OLD_P05_S03_MIX_0060.jpg,train,p05_mixed,generated_image,mouse;headphones,2,41438b1e84673aedb41d7b97153b4bd2f94b3d67dbb40c7e80b678b85ea9551d
OLD_P05_S03_MIX_0061.jpg,train,p05_mixed,generated_image,mouse;headphones,2,005fda38da05d685819ec8a78974e5d5b9dd857d8ef6a690c83c3f8549552524
OLD_P05_S03_MIX_0062.jpg,train,p05_mixed,generated_image,mouse;headphones,2,9ae04ecc2b62a9d4af385baf1c503350678eff30244a29eb5cc9f24bf8f00568
OLD_P05_S03_MIX_0063.jpg,train,p05_mixed,generated_image,keyboard;laptop,2,a3eae7c3e152eb9fe661b55d996bc4be51da14be3ed81f0110c20baec081af73
OLD_P05_S03_MIX_0064.jpg,train,p05_mixed,generated_image,keyboard;laptop,2,bee045e4f52d79959936c8df3e528dd3a9829195595b26bae592df5042fb0e2b
OLD_P05_S03_MIX_0065.jpg,train,p05_mixed,generated_image,keyboard;laptop,2,9701348e2434b4bcefacb15693501310dfa109cad09955fbd1f5b6056c46e324
OLD_P05_S03_MIX_0066.jpg,train,p05_mixed,generated_image,keyboard,1,f1b722a36725a02212ea808a14a71289c690f8f87c21e35d4f6d62deb7e369c8
OLD_P05_S03_MIX_0067.jpg,train,p05_mixed,generated_image,keyboard,1,9f67b6023b25524af79ba88e538221b689bb94a0a9e5e0f5ad587cce8edb58a2
OLD_P05_S03_MIX_0068.jpg,train,p05_mixed,generated_image,keyboard,1,a421e278c90ea5448495e02ca7a6f2ae91e68c908479b7bfe1a2536a77192c2c
OLD_P05_S03_MIX_0069.jpg,train,p05_mixed,generated_image,keyboard;headphones,2,9b67a39227de8a7c7e71e919bea4830562d7453f7ba1388d733ee1aa2caaba3f
OLD_P05_S03_MIX_0070.jpg,train,p05_mixed,generated_image,keyboard;headphones,2,cbc86a7a59790d34551c337eca47dbbff70a913ea6a980968f7041d9ea2ad471
OLD_P05_S03_MIX_0071.jpg,train,p05_mixed,generated_image,keyboard;headphones,2,e07d8bf53fde768889234525a307fb8aad1904eafc7243d7e45e4f7e40f2a66c
OLD_P05_S03_MIX_0072.jpg,train,p05_mixed,generated_image,laptop,1,7437592daf4637add3ea0a676040b8e1dd7d088252249c59e44dd69b85ebfb65
OLD_P05_S03_MIX_0073.jpg,train,p05_mixed,generated_image,laptop,1,53fe56d8e542386c62dec288abdfa5e702e80e9b8649f2822689a576ed8cabc4
OLD_P05_S03_MIX_0074.jpg,train,p05_mixed,generated_image,laptop,1,a568c790ed7f9e2e5c37b11a48b0cb23081f535d2a656140af58e5c19a663df4
OLD_P05_S03_MIX_0075.jpg,train,p05_mixed,generated_image,laptop;headphones,2,83f1c8a94c50cff146f9e73197cac109b8e89b8a3c0fa0d59ff1537f6eeed0a9
OLD_P05_S03_MIX_0077.jpg,train,p05_mixed,generated_image,laptop;headphones,2,a20a4e9d457b5e9ff04893fb1de1bd2a4740ff15ddda916d8425728ddd55699c
OLD_P05_S03_MIX_0078.jpg,train,p05_mixed,generated_image,headphones,1,03065d58c6578b5c671dfea174b262deba5cdc1969aac203b42b891d7d6ab6d5
OLD_P05_S03_MIX_0079.jpg,train,p05_mixed,generated_image,headphones,1,862cfa07655369460cfd3bbe4d3810920da914bd1cc1bb1671ee2e63adc1f7ed
OLD_P05_S03_MIX_0080.jpg,train,p05_mixed,generated_image,headphones,1,8ba18b9475e87e141d0e6ebe8cd614496453bad385199e50a48ae2574333b141
OLD_P05_S03_MIX_0081.jpg,train,p05_mixed,generated_image,mouse;keyboard;laptop,3,a40639da2e353c8e440a98d862c261054dd8ce757874a0e1578a6847e1806ea0
OLD_P05_S03_MIX_0082.jpg,train,p05_mixed,generated_image,mouse;keyboard;laptop,3,d2956e6c56716186de2d096fe169a0170b127ab3c4c8c7a5767e08b2dffdb8b1
OLD_P05_S03_MIX_0083.jpg,train,p05_mixed,generated_image,mouse;keyboard,2,66ac0fd66cb43fd6c2b8f03d13ee8dfc22f1e6bc94c47a10b1080329fe3d30cf
OLD_P05_S03_MIX_0084.jpg,train,p05_mixed,generated_image,mouse;keyboard,2,cff309648ede5fc75546b941d682d885800efb89ecff9ef6d9485b072e3eddea
OLD_P05_S03_MIX_0085.jpg,train,p05_mixed,generated_image,mouse;keyboard;headphones,3,d7e801d5aa7db0eafc01ef612b52f7f6ae5b9bde9238e3a40c3c2fc4c31bbd32
OLD_P05_S03_MIX_0086.jpg,train,p05_mixed,generated_image,mouse;keyboard;headphones,3,fce357e5282adba7ab5a1ce4d4db8e78593f8e672fc4adfbe01dfee668219fc3
OLD_P05_S03_MIX_0087.jpg,train,p05_mixed,generated_image,mouse;laptop,2,1e0bb7c776535005ce8d418cb9dcb8484c6d007bfef32c96d945958fb385d269
OLD_P05_S03_MIX_0088.jpg,train,p05_mixed,generated_image,mouse;laptop,2,7fa344d1ebe0216329890bc02a8e3689948c10b918ca67eabb2890b565b38a82
OLD_P05_S03_MIX_0089.jpg,train,p05_mixed,generated_image,mouse;laptop;headphones,3,8f269d328a3911884a1d76e5d8fb8b522f4df757a4187f37063952c382d4bb0c
OLD_P05_S03_MIX_0091.jpg,train,p05_mixed,generated_image,mouse;headphones,2,c4dd8d95eef77553e9c8ba8b37eacc9864a643c00e519f42836d03cb8f4731c1
OLD_P05_S03_MIX_0092.jpg,train,p05_mixed,generated_image,mouse;headphones,2,dad45073763a7515dc6b006989e2e5fc84070ab3fe3604282d0b6f56b23a2e62
OLD_P05_S03_MIX_0093.jpg,train,p05_mixed,generated_image,keyboard;laptop,2,ece02ddbc40d223e1ccf392fd17463f68dcae6eb41c6fadc55e5cf648567f6df
OLD_P05_S03_MIX_0094.jpg,train,p05_mixed,generated_image,keyboard;laptop,2,dc1969d7f2c8e4d6821ec3eaaf73abe7806f8f624e60b5cbbcd8d7b74927f45b
OLD_P05_S03_MIX_0095.jpg,train,p05_mixed,generated_image,keyboard;laptop;headphones,3,caf9b8b7a209ebf6a104285ecb6d11e3d8b5b5da824a5b7801a305f8b657aaca
OLD_P05_S03_MIX_0096.jpg,train,p05_mixed,generated_image,keyboard;laptop;headphones,3,edffd720ed96fbccf512ebf6539d853dac38c4396a626ac6790e7af5eedaa3b8
OLD_P05_S03_MIX_0097.jpg,train,p05_mixed,generated_image,keyboard;headphones,2,2c40ecc700046fb78c5abc0cbad979ee98057255c3efb6ab2eb37c883a64913a
OLD_P05_S03_MIX_0098.jpg,train,p05_mixed,generated_image,keyboard;headphones,2,6f8450032b1ccb667f740b88df854e24bb479b64eaab4c9e79319a7233cc4b28
OLD_P05_S03_MIX_0100.jpg,train,p05_mixed,generated_image,laptop;headphones,2,403c23bc968904af7b1952b7bc20632f67c0c2afbe53f752f8fa3c70ee2bac98
OLD_P05_S03_MOU_0001.jpg,train,p05_mixed,generated_image,mouse,1,8c21cb368bd7e21b192b39dea7153c9e114af7edbad3ce31beac0b7df41fe82d
OLD_P05_S03_MOU_0003.jpg,train,p05_mixed,generated_image,mouse,1,6dff133d44530de5c7aa7a035a7aab4d7919e33cfc3b93ba770e99ec42bd80d8
OLD_P05_S03_MOU_0004.jpg,train,p05_mixed,generated_image,mouse,1,e64ed467cc315745e88e0bcbacf39c3bd359d48104d032f3a5f6bfd963c707ed
OLD_P05_S03_MOU_0006.jpg,train,p05_mixed,generated_image,mouse,1,f5519981e96e2780fd174ecc6ed1f43a898a55b4a4b8665a357477c0852917b8
OLD_P05_S03_MOU_0007.jpg,train,p05_mixed,generated_image,mouse,1,9086e4a26c519b163b1f425d8665de0d4c8bcc51a54efb5fb9458bebd669a256
OLD_P05_S03_MOU_0008.jpg,train,p05_mixed,generated_image,mouse,1,0478d65ac967b7de0f29135b2c13eb7e22b52e898da8dea77a2fce0279cd48c3
OLD_P05_S03_MOU_0009.jpg,train,p05_mixed,generated_image,mouse,1,54d6ecbbf545e8013f776ec40323ee4616f0fbffd54db1e6b4109ccc84f4b3f3
OLD_P05_S03_MOU_0010.jpg,train,p05_mixed,generated_image,mouse,1,584a3ea8fb767140fe8d34c441c14edfc41892d532dc4d7f6c6e5e16ccb8a8d9
OLD_P05_S04_HDP_0041.jpg,train,p05_mixed,generated_image,headphones,1,00721351128f1968904978a7cf327576c4cc7ac45f0cddb73be459944ced0661
OLD_P05_S04_HDP_0042.jpg,train,p05_mixed,generated_image,headphones,1,cdfe24388bbf1f277c1796d791af6c8610489982411e3305638f67810fe78c31
OLD_P05_S04_HDP_0043.jpg,train,p05_mixed,generated_image,headphones,1,d97037d14e33a89ce639d2114e181270a01f57c0301288bec362ceb1a3fd2dd0
OLD_P05_S04_HDP_0044.jpg,train,p05_mixed,generated_image,headphones,1,3a555cb4a77a2516669c6019f079c24b6b4331d5341364b831dd3a8a47aa649b
OLD_P05_S04_HDP_0046.jpg,train,p05_mixed,generated_image,headphones,1,8650e12c31cbe2e4c7dd9ab26c1e03dd95a2f67d0e9e63b2668c0dae7cc558ab
OLD_P05_S04_HDP_0047.jpg,train,p05_mixed,generated_image,headphones,1,046000a88abc2a41eaab68cc7a272bb8b03ec1d866a3a3e3811f4b202be20fa1
OLD_P05_S04_HDP_0049.jpg,train,p05_mixed,generated_image,headphones,1,ae40dd93cb6505febeaeb78ce2268c34726b005fa93836c31fbf5488797ae491
OLD_P05_S04_KEY_0011.jpg,train,p05_mixed,generated_image,keyboard,1,7b446f9290d866b5d6ad636979ad1b8682acc59f8f000ec7552490f77340f20d
OLD_P05_S04_KEY_0012.jpg,train,p05_mixed,generated_image,keyboard,1,8427c4efdd12465cc3dacd349cbd83c9032f13dd6668da1332f17cd803651808
OLD_P05_S04_KEY_0013.jpg,train,p05_mixed,generated_image,keyboard,1,c4b0f775ee2767d6de0f73ed69c647710a67a8d1043c6210c08c6fe58f9b26dd
OLD_P05_S04_KEY_0014.jpg,train,p05_mixed,generated_image,keyboard,1,72ec5dacb2d9e27bb0c5a18191f84d9c40a97337778d00d9765703a882434a9e
OLD_P05_S04_KEY_0015.jpg,train,p05_mixed,generated_image,keyboard,1,cbd6e4eac80af6d34ca6ff383d80e00f917ca4ae3a4f3510791d8eb8a7ad750e
OLD_P05_S04_KEY_0016.jpg,train,p05_mixed,generated_image,keyboard,1,1803c1f79c977f888ea39235eaf7bef7855a4b2c90917f62969bded8655637bb
OLD_P05_S04_KEY_0017.jpg,train,p05_mixed,generated_image,keyboard,1,bac343ce29d02905de7950f156bc0be9498d82c44ea48adc425cb8e03f4215e3
OLD_P05_S04_KEY_0018.jpg,train,p05_mixed,generated_image,keyboard,1,0386b6d0a340b5f4dd3bb0f2f6f59fc8ad13d3141bcdafdebda927067aab66cf
OLD_P05_S04_KEY_0019.jpg,train,p05_mixed,generated_image,keyboard,1,f7fa1d5f905531fb529b1bfa212a6c999bfa5cd6d3e42c070364a33f5aa92616
OLD_P05_S04_KEY_0020.jpg,train,p05_mixed,generated_image,keyboard,1,369153674b5c0b654b332bdb247b28ef12750169d55d09c14ab20587ecf8a67b
OLD_P05_S04_LAP_0021.jpg,train,p05_mixed,generated_image,laptop,1,27b456e60ead8010dac8cf3230f12e6ed09fe53f6c7dcea7a1d0ce4ba8744361
OLD_P05_S04_LAP_0022.jpg,train,p05_mixed,generated_image,laptop,1,a8d048d9d4f19438f902fbee098b482a5b08d3f315ac46efdc020a793919a8c9
OLD_P05_S04_LAP_0023.jpg,train,p05_mixed,generated_image,laptop,1,b92e07e123a6fb6735c91c848bdfc04b6d87f9eb6f22f0dd200600d5a00f2dea
OLD_P05_S04_LAP_0024.jpg,train,p05_mixed,generated_image,laptop,1,23988ffea6c537f5c6ca48875f805afbae1de4ba7a62dc1640661c4701d5e309
OLD_P05_S04_LAP_0025.jpg,train,p05_mixed,generated_image,laptop,1,065988506857b89d73606a98b65463ceaecd9d24fdba69f3bb80a83c0f2973df
OLD_P05_S04_LAP_0026.jpg,train,p05_mixed,generated_image,laptop,1,174420a67b55c569607815df3cbce3d6b16c21128dd7227a07ab9a14fae30fb2
OLD_P05_S04_LAP_0027.jpg,train,p05_mixed,generated_image,laptop,1,e1c89b55482c3f706fac3621153287999fbe20713fe0ddae2802d97d119d01b8
OLD_P05_S04_LAP_0028.jpg,train,p05_mixed,generated_image,laptop,1,f658443f94c472514e141d09fb4a17fa7d7e0dbfd163e85f56628e3bbb75ee65
OLD_P05_S04_LAP_0029.jpg,train,p05_mixed,generated_image,laptop,1,a846744a5662aa7e7c7201fbdf167617a350ebce9da3ebab25b6dceaf0d32df5
OLD_P05_S04_LAP_0030.jpg,train,p05_mixed,generated_image,laptop,1,b0ed8f31d90cd37fc2621589a99fc835f0bde8f1f7162a49ff7d98aa7068becb
OLD_P05_S04_MIX_0051.jpg,train,p05_mixed,generated_image,mouse;keyboard,2,d441333df2520801ed0718c255f21ef784586f4d48b1a2837f474694e56029b0
OLD_P05_S04_MIX_0052.jpg,train,p05_mixed,generated_image,mouse;keyboard,2,f515b20a8dc7bc29d58c3808775489f2a445524a9b12de02e333a1c706cfc3b8
OLD_P05_S04_MIX_0053.jpg,train,p05_mixed,generated_image,mouse;laptop,2,fb0e42c07a7d8f9d088e5a658b7df88e0e307d1ba47c36d491b172f3c243b6b9
OLD_P05_S04_MIX_0054.jpg,train,p05_mixed,generated_image,mouse;laptop,2,6e2cafa2f08421f4338e099d6a7e49e0e42cea851b6d015f7823dfac3fb34532
OLD_P05_S04_MIX_0055.jpg,train,p05_mixed,generated_image,mouse,1,6541b0f9158307a93c89c217db53a268496de472e48d8de599bd508d14669ffa
OLD_P05_S04_MIX_0056.jpg,train,p05_mixed,generated_image,mouse,1,46830caf4b4dcee1e71b241507bab915e2af501c7a7651fe0b7107f91f79b08d
OLD_P05_S04_MIX_0057.jpg,train,p05_mixed,generated_image,mouse;headphones,2,2a8fa3c8a6287f39ff0f5a9fa3a4e865c1a4b0274b6f1e727b39cf97079f947c
OLD_P05_S04_MIX_0059.jpg,train,p05_mixed,generated_image,keyboard;laptop,2,7c0bbc9fa00280c801f80a6eb390f500eb52aac383d7c512dda1f308ecbef48b
OLD_P05_S04_MIX_0060.jpg,train,p05_mixed,generated_image,keyboard;laptop,2,a25363099de695cef1305626baeeb5d8987ac04d231364bef801ca02574f69d0
OLD_P05_S04_MIX_0061.jpg,train,p05_mixed,generated_image,keyboard,1,76c2c1b4b062916748fcb92ddd2617825d4d590f0fc83c0fe123e9f13b735b64
OLD_P05_S04_MIX_0062.jpg,train,p05_mixed,generated_image,keyboard,1,066f5a299809a499fd8a213b2731a2e57fbc58c5595c0dcca9d29b652f5bc3fb
OLD_P05_S04_MIX_0063.jpg,train,p05_mixed,generated_image,keyboard;headphones,2,bad2eaa696949c3a5df627873485308b44d8e8330ccc0fac333d9e671d56af79
OLD_P05_S04_MIX_0064.jpg,train,p05_mixed,generated_image,keyboard;headphones,2,b9af6780bbdbb482ee7a9832cb1ac1460ddc66e8d8d5440c7cfecf51ca66c30e
OLD_P05_S04_MIX_0065.jpg,train,p05_mixed,generated_image,laptop,1,a516ba1d778cafbd75181cd0cbb4593b318d45f6312b7052d5e46ba503e17733
OLD_P05_S04_MIX_0067.jpg,train,p05_mixed,generated_image,laptop;headphones,2,5b6314864b0296cb4f4ebfbe0c7c9679a3e923afee1428fc17ff38ca3093da5b
OLD_P05_S04_MIX_0068.jpg,train,p05_mixed,generated_image,laptop;headphones,2,2c71b8d9e84f72205377b2fc58905ed1cf59b24565b2523f293fd762419d6c2a
OLD_P05_S04_MIX_0069.jpg,train,p05_mixed,generated_image,headphones,1,4e7887a6c56b4db00c7846354ba9e77c27c669b4635d0ef16cf9b85da128fc18
OLD_P05_S04_MIX_0070.jpg,train,p05_mixed,generated_image,headphones,1,7bc36510ca58227b12eb6605d2d14ddcfd23f0cd601ad7dacbed473e1183dd9d
OLD_P05_S04_MIX_0071.jpg,train,p05_mixed,generated_image,mouse;keyboard;laptop,3,56d7036afb7643e9ac4dbd9078bffedc3a3b1f59067f4fe60227cb12b2417764
OLD_P05_S04_MIX_0072.jpg,train,p05_mixed,generated_image,mouse;keyboard;laptop,3,21eeeebf2c5e5c13e30f795a1f76f9036f745560ac00cf7ca5627fa82789bf98
OLD_P05_S04_MIX_0073.jpg,train,p05_mixed,generated_image,mouse;keyboard,2,3176050558ea88031172320841cade1cee025518075d50860231d8a319324610
OLD_P05_S04_MIX_0074.jpg,train,p05_mixed,generated_image,mouse;keyboard,2,c1e34997e11620e347ac83239f564cd841fe5dcc3a11508ae8fa336e7bc0209f
OLD_P05_S04_MIX_0075.jpg,train,p05_mixed,generated_image,mouse;keyboard;headphones,3,429c0bfdd5e1c4197b1a18c86dd3112910445e88ee77ea36b59b3ae3db30cc91
OLD_P05_S04_MIX_0076.jpg,train,p05_mixed,generated_image,mouse;keyboard;headphones,3,78675ed6d360dd61eaf358ffc790fcfd8755867888d6eed6ce7d0bc18c1b62e4
OLD_P05_S04_MIX_0077.jpg,train,p05_mixed,generated_image,mouse;laptop,2,eb0b137acbbd718f1838462bcb30e44745573c6c5c67ee2d6d4db88f413a59a8
OLD_P05_S04_MIX_0078.jpg,train,p05_mixed,generated_image,mouse;laptop,2,2e441bb9b952864996937765e5eac0091cb32dcb2d815a43748fa97956a0a2ae
OLD_P05_S04_MIX_0079.jpg,train,p05_mixed,generated_image,mouse;laptop;headphones,3,9b91be2c996487768873ed9ecefce77818921c2da0bf1daf382df8564762bbcb
OLD_P05_S04_MIX_0080.jpg,train,p05_mixed,generated_image,mouse;laptop;headphones,3,9b4717949eff1799936894e5841a23f097542dc54aef4c30c7e8ca49dd4173ee
OLD_P05_S04_MIX_0081.jpg,train,p05_mixed,generated_image,mouse;headphones,2,3c4de3601dba65aff2281603dd01f84667cc2dd082c3cb9622cb37eb1fb91f32
OLD_P05_S04_MIX_0082.jpg,train,p05_mixed,generated_image,mouse;headphones,2,88041cbe7bebfd665a87ca86e119c56e7fac971a4b0f9ae8a72327b5c1535be0
OLD_P05_S04_MIX_0083.jpg,train,p05_mixed,generated_image,keyboard;laptop,2,104efa7fffb694a0c23c0d9ee2b3a91358aeea79c0a300bd50b40566f8e58cac
OLD_P05_S04_MIX_0084.jpg,train,p05_mixed,generated_image,keyboard;laptop,2,b0e40ab8326388b7e70e31d752c09fb22f99c26fbb134f5e516fa23fb5eb488b
OLD_P05_S04_MIX_0085.jpg,train,p05_mixed,generated_image,keyboard;laptop;headphones,3,9fd16e3fa7f48847c71a964e48b5e937f9fc7f0fd6202245bfc1753ad6001619
OLD_P05_S04_MIX_0087.jpg,train,p05_mixed,generated_image,keyboard;headphones,2,39e38ce1ce90033f66cd853e0757801d1dd4dd31f978e5491363e9fd33121588
OLD_P05_S04_MIX_0088.jpg,train,p05_mixed,generated_image,keyboard;headphones,2,0d39c29542eae34a696483b78bc375a75df1c0f8552d581741b99f3de77c0369
OLD_P05_S04_MIX_0090.jpg,train,p05_mixed,generated_image,laptop;headphones,2,6d1653eaa3d24ce52a2109f9e57f9d903cb7325058165304086f92c516a5b6a9
OLD_P05_S04_MIX_0091.jpg,train,p05_mixed,generated_image,mouse;keyboard;laptop,3,8a5b71592e4c598d8b3d39fd7e708f867ae8c26e4ea9453ba747c3b5ca0f23f6
OLD_P05_S04_MIX_0094.jpg,train,p05_mixed,generated_image,mouse;keyboard;laptop;headphones,4,bbd754e6df27da89ce625d6c0e2865891f1a1953b2503b550cbb2b738615d4eb
OLD_P05_S04_MIX_0096.jpg,train,p05_mixed,generated_image,mouse;keyboard;headphones,3,0a807147188b6b49d55176a3ffb2944cdad32b1f7844460de29ceaad8a73017f
OLD_P05_S04_MIX_0098.jpg,train,p05_mixed,generated_image,mouse;laptop;headphones,3,021ab5699af4121f64ae52d7200cd89cd11d086e89f623cca73a9ea7a6848617
OLD_P05_S04_MIX_0100.jpg,train,p05_mixed,generated_image,keyboard;laptop;headphones,3,3b14b04f2f3e5777f2cab2671e5c6a74d0a6d10bd9421fd4ceebeeaa0a342242
OLD_P05_S04_MOU_0002.jpg,train,p05_mixed,generated_image,mouse,1,56a21deacca6f174ff3a2b9907b75e7bb124038a6e0f4878580085297f0a77d0
OLD_P05_S04_MOU_0004.jpg,train,p05_mixed,generated_image,mouse,1,a87ec7e0a70406f57b6c3b756bff2fe211b63d9ddb891ea3e23530206e9ffc7e
OLD_P05_S04_MOU_0006.jpg,train,p05_mixed,generated_image,mouse,1,3aa03baa3ee2cb3eacdf569f514b32fe8adb8a1321f05949714f3c4513d5fecd
OLD_P05_S04_MOU_0008.jpg,train,p05_mixed,generated_image,mouse,1,254f99a390cb8c5b79e7624e56de7bfc84768ea574a4364f165b4d851ab8982b
OLD_P05_S04_MOU_0009.jpg,train,p05_mixed,generated_image,mouse,1,a950b746f73d47eea29f7450e32ae375a849d3fa204cd3cf5c45f1c03ce37cfe
OLD_P05_S05_NEG_0001.jpg,train,p05_mixed,generated_image,,0,14fd82bc5e3cd6c8781cc8e0911a035bfe2cdaf953bb2f65538b08bd6f9cff60
OLD_P05_S05_NEG_0002.jpg,train,p05_mixed,generated_image,,0,642be9e23ad7aef85fe84f158e1f23a0d5b8ad474cc35d6001fceb9df0d19ded
OLD_P05_S05_NEG_0004.jpg,train,p05_mixed,generated_image,,0,02ff9cf255edec208093e4714c502e85e7f7c630b52417a265b07a0f02f32d16
OLD_P05_S05_NEG_0005.jpg,train,p05_mixed,generated_image,,0,a06c0a9b2bd075434bb3aab89fbdde93593a897696ae68007080850d2523e302
OLD_P05_S05_NEG_0006.jpg,train,p05_mixed,generated_image,,0,403770f960137568f846b5e2646ad6f0060192c94c4bf954bb9a7dcfd558f7e5
OLD_P05_S05_NEG_0007.jpg,train,p05_mixed,generated_image,,0,41538095aea83c0b1b1f187e7b9d85e28514f0ba601ebaa82d7fc1456dd7a538
OLD_P05_S05_NEG_0008.jpg,train,p05_mixed,generated_image,,0,51559c76fe5b9a44029fa6eb0a5868c9e29d6d9042dfca28cd46e05a36939113
OLD_P05_S05_NEG_0009.jpg,train,p05_mixed,generated_image,,0,7d892afc98365f9c87a253cd7191a98eb1547c01682d9368fd06d78027d0142f
OLD_P05_S05_NEG_0010.jpg,train,p05_mixed,generated_image,,0,03cb63bcfe8c54682530e80eff9bd4f42f20cf98cded13fef36bfaced857b71b
OLD_P05_S05_NEG_0011.jpg,train,p05_mixed,generated_image,,0,4dc28b2220862b9b2ef08c40e50b050e05899a0e8b373c8e024fc05c0d6681e6
OLD_P05_S05_NEG_0012.jpg,train,p05_mixed,generated_image,,0,7d61a7d13a11e0042b0e26f187206c891088e707cb787a01b1cee487b191cec9
OLD_P05_S05_NEG_0013.jpg,train,p05_mixed,generated_image,,0,0ebf2136d2c3113d7b1a9275abf68c9b4f20ca0fb606ebbb8021226aefa733c3
OLD_P05_S05_NEG_0014.jpg,train,p05_mixed,generated_image,,0,2e16f7dea33ae1cd2bd6619da21fffb4594a9205e43282600e900c0a46116ff0
OLD_P05_S05_NEG_0015.jpg,train,p05_mixed,generated_image,,0,4e8abd19d03ad9585e1b65c96c49a90a59af9e0641f7461dbbe1422fbad6d04a
OLD_P05_S05_NEG_0017.jpg,train,p05_mixed,generated_image,,0,f23a04d0c57c59966c749a19950622c0af5d260769d54a0d3f2dc6d1b946808b
OLD_P05_S05_NEG_0018.jpg,train,p05_mixed,generated_image,,0,5d19f2b5db3157084ac6922252632d4d107ef3050c0fe8d2b84eb9590f237467
OLD_P05_S05_NEG_0019.jpg,train,p05_mixed,open_images_v7,,0,b77da14b4c30424039022cd4e3aa0bdc9346d376fef2263f968f6c24bacd31f1
OLD_P05_S05_NEG_0020.jpg,train,p05_mixed,open_images_v7,,0,b8269638fbf6331b3d7cc56eb66732acda68ef63d14e9fafce56bb2aceafb287
OLD_P05_S05_NEG_0021.jpg,train,p05_mixed,open_images_v7,,0,b72ec323fa009475c377c12268a9190655586e416bfeaad47387dbf8a7852bd3
OLD_P05_S05_NEG_0022.jpg,train,p05_mixed,open_images_v7,,0,7b1513e6631e31c38b047110af214201cf8ef7d906625b87b85d09b1e22b73ce
OLD_P05_S05_NEG_0023.jpg,train,p05_mixed,open_images_v7,,0,b6e739e8a11ec39c46af6cb4a2652c3fcd6615bda013a6ce82d292b493a37ad7
OLD_P05_S05_NEG_0024.jpg,train,p05_mixed,open_images_v7,,0,4cac42e58d0e06ebedbfe9ced14a1ba86619afc63c89825b71d14fb68502dd4f
OLD_P05_S05_NEG_0025.jpg,train,p05_mixed,open_images_v7,,0,5aea5e00e5e053fe6b67799282c1d93b695fa54c634cd0bbc79fd3987647ae1a
OLD_P05_S05_NEG_0027.jpg,train,p05_mixed,open_images_v7,,0,edd2b6d3abfcb8e0fb4084ce577c4395d170564bf1a9c217866524b76df9da2a
OLD_P05_S05_NEG_0029.jpg,train,p05_mixed,open_images_v7,,0,03e4e1f4f08b3fd4b42a2a4efd99bf7767e445ee357ceeaff243501edaf9b97a
OLD_P05_S05_NEG_0031.jpg,train,p05_mixed,open_images_v7,,0,f9e82e10c5276306331f6f6488ae9524fd986306b8a574a10779c46299e62a8d
OLD_P05_S05_NEG_0032.jpg,train,p05_mixed,open_images_v7,,0,37fb97d5635bc226aa9a4e1f86e4152038519127059cb3703707b0ae23648775
OLD_P05_S05_NEG_0033.jpg,train,p05_mixed,open_images_v7,,0,65deb47bb03ac6c7d665ed4addb50446d54572833d52d8eac8a8e2c7450ca4ac
OLD_P05_S05_NEG_0035.jpg,train,p05_mixed,open_images_v7,,0,a9e2f6f261dcc26c556f7550f48fb3f7ee6318f56e1bd6a959240c13ee2a40f1
OLD_P05_S05_NEG_0036.jpg,train,p05_mixed,open_images_v7,,0,07853327180b3099a127276fe81b0b86224b15233a1c59c5c6f4e23373b88654
OLD_P05_S05_NEG_0037.jpg,train,p05_mixed,open_images_v7,,0,525eec2a11fa97969f884d73226cd789c0dfb77f3f752cc41df02cd4ebec9d2a
OLD_P05_S05_NEG_0038.jpg,train,p05_mixed,open_images_v7,,0,b44f891ef313d2a15771d146728304621dae16560e7ea812d024d74dff794667
OLD_P05_S05_NEG_0039.jpg,train,p05_mixed,open_images_v7,,0,30642cbe8b47a8b8b999ef028cf68e1cbf9db19cb873c46e7e64a92d030ea4ee
OLD_P05_S05_NEG_0040.jpg,train,p05_mixed,open_images_v7,,0,7641602e2c748431c2a6050a2600d13616d2a0adeed09a6eba9967d425bdbcb6
OLD_P05_S05_NEG_0041.jpg,train,p05_mixed,open_images_v7,,0,c9be90ed37e88531cd4c306e44bdc47bb9eb466fbdf0d7f9a8aae9a0f9e77c02
OLD_P05_S05_NEG_0042.jpg,train,p05_mixed,open_images_v7,,0,343f119a47fd5a5629325a3a7bb7af051f7c432874bb11eaa2aa12f0ae55c34c
OLD_P05_S05_NEG_0043.jpg,train,p05_mixed,open_images_v7,,0,9555f7fb784a80950f25b22c5c9e4b64e183867fe377725db1ec9e5db1a09964
OLD_P05_S05_NEG_0045.jpg,train,p05_mixed,open_images_v7,,0,d05683fdcc3e766599acd71ef283824588dde61a08f49728afa081217445a66f
OLD_P05_S05_NEG_0047.jpg,train,p05_mixed,open_images_v7,,0,aa2a3117486b23d5e6a9f83d228163223fbd47e01bba40a7f77c2c0987c65f14
OLD_P05_S05_NEG_0048.jpg,train,p05_mixed,open_images_v7,,0,c516de3ab479b817eab1442967769eb7a3fc039ac5140474b5eaa672b76e81d4
OLD_P05_S05_NEG_0049.jpg,train,p05_mixed,open_images_v7,,0,cee83c250204f748d2c3b397c5f8f0a4f4b42ae31e33fcaf027a10759b28373e
OLD_P05_S05_NEG_0050.jpg,train,p05_mixed,open_images_v7,,0,b6659d56cb1c243b60c237e3e005458364193ef61ce34b720297d7d50d140da1
OLD_DATASET_mouse_AND_cup_IMG_20260831_084620.jpg,val,dataset_real,user-provided real capture; folder class visually audited,mouse;keyboard,2,9d30244af1aa20d31e899fa64f097466e7d9ba456d7f590ccc884865a4500c45
OLD_DATASET_mouse_AND_cup_IMG_20260831_084620_1.jpg,val,dataset_real,user-provided real capture; folder class visually audited,mouse;keyboard,2,119a66b20aff89f8f3edb25128be2a8c31a7c6dfd2785b59a1d794f406157fc0
OLD_DATASET_mouse_AND_cup_IMG_20260831_084621.jpg,val,dataset_real,user-provided real capture; folder class visually audited,mouse;keyboard,2,6ea8cb2fd02d052f8646b47436d37bbe1fce0de0850585690c078257651e025f
OLD_DATASET_mouse_AND_cup_IMG_20260831_084621_1.jpg,val,dataset_real,user-provided real capture; folder class visually audited,mouse;keyboard,2,294b02374b50a024f148499dd9a025806406f8f1a57ff7e0c5c76339109fb8b2
OLD_DATASET_mouse_AND_cup_IMG_20260831_084622.jpg,val,dataset_real,user-provided real capture; folder class visually audited,mouse;keyboard,2,8f305a7b19ae90f891db3709555bb729fb96645ad5a28d0598b65f2ae7c745ef
OLD_DATASET_mouse_AND_cup_IMG_20260831_084622_1.jpg,val,dataset_real,user-provided real capture; folder class visually audited,mouse;keyboard,2,9ecb16c94fc3eb5763929ba3af0a069ecc632b93091d72eb0dbf415dad265dac
OLD_DATASET_mouse_AND_cup_IMG_20260831_084622_2.jpg,val,dataset_real,user-provided real capture; folder class visually audited,mouse,1,2a96489c63527ae6f478afa9e688ee56a6fcbf4de1861866c6afd8b061067073
OLD_DATASET_mouse_AND_cup_IMG_20260831_084622_3.jpg,val,dataset_real,user-provided real capture; folder class visually audited,mouse,1,a5bf18c9d9fc07e71d978c4ba74dd807938a8096417b92487743cc4b6a77f9b7
OLD_DATASET_mouse_IMG_20260831_084610.jpg,val,dataset_real,user-provided real capture; folder class visually audited,mouse;keyboard,2,b607cd5ea703e259caf0a721a5f6cb461fe892b7a9a6a89fbbb77137c1dfc68d
OLD_DATASET_mouse_IMG_20260831_084610_1.jpg,val,dataset_real,user-provided real capture; folder class visually audited,mouse,1,914d6dfb829fa8c5ebe7f9f90b893bdb0509b470f29976dcd10052c48fa9d173
OLD_DATASET_mouse_IMG_20260831_084610_2.jpg,val,dataset_real,user-provided real capture; folder class visually audited,mouse,1,99a41fb56ee8acb5bfb68950129ce7911ce0e1dc38de339764648b043768a9b3
OLD_DATASET_mouse_IMG_20260831_084610_3.jpg,val,dataset_real,user-provided real capture; folder class visually audited,mouse,1,a00c6fd518aa6f2023b18367ad25e833fadb34d1ba96296f8ae7332e31a9f3c5
OLD_DATASET_mouse_IMG_20260831_084611.jpg,val,dataset_real,user-provided real capture; folder class visually audited,mouse,1,b26fd9ad770ba0268bab78d8e74928f05509133de2a994aa075d2fa1040bcf64
OLD_DATASET_mouse_IMG_20260831_084611_1.jpg,val,dataset_real,user-provided real capture; folder class visually audited,mouse,1,211726fc9b53fd006f6859cd0fcb4e08e219c86af7641bfd2635ed28559b2d4a
OLD_DATASET_mouse_IMG_20260831_084611_2.jpg,val,dataset_real,user-provided real capture; folder class visually audited,mouse,1,aad3b45a6a551e173d71df36da7acc0b86fd5c7c88b66989e6d89fb31b391215
OLD_DATASET_mouse_IMG_20260831_084611_4.jpg,val,dataset_real,user-provided real capture; folder class visually audited,mouse,1,1c24a8d86ec55276112a8d70afe952915d98be371890ffe641438753414a1748
OLD_DATASET_mouse_IMG_20260831_084612.jpg,val,dataset_real,user-provided real capture; folder class visually audited,mouse,1,c8043c181ec0064c0bfba9d44adc9fbc974f7b27cc04c37c20a3ddf8da9d54b6
OLD_DATASET_mouse_IMG_20260831_084612_1.jpg,val,dataset_real,user-provided real capture; folder class visually audited,mouse,1,b92cd1e846030252def29e43a32d1b88c0e74dd4ed0623edf5b26835b1c6ba33
OLD_DATASET_mouse_IMG_20260831_084612_2.jpg,val,dataset_real,user-provided real capture; folder class visually audited,mouse,1,02131346996a4d4cc688d3c56180a467a321d1fda08b04abf6f9c24afc78906c
OLD_DATASET_mouse_IMG_20260831_084612_3.jpg,val,dataset_real,user-provided real capture; folder class visually audited,mouse;keyboard,2,bc47b1b332848551193431a46932bf1232bfe73f4c42328b252805f8ed1b5c5f
OLD_DATASET_mouse_IMG_20260831_084612_4.jpg,val,dataset_real,user-provided real capture; folder class visually audited,mouse;keyboard,2,80f3621ab46efd8d68997a6ee08d986db8772791da5302c2313ec3fc6763b816
OLD_DATASET_mouse_IMG_20260831_084613.jpg,val,dataset_real,user-provided real capture; folder class visually audited,mouse;keyboard,2,87fb216f9f04fc06b9727c9b2cdd869ea50421c73540fbeb99b44209d04f386d
OLD_DATE_0_1.jpg,val,date_real,user-provided real capture; prefix mapping visually audited,mouse;laptop,2,f542222318c3f65ff6ae8b95aabcbb14e574200367e64e80701aaf300c70bc61
OLD_DATE_0_12.jpg,val,date_real,user-provided real capture; prefix mapping visually audited,keyboard;laptop,2,c388e9f1a3ce497f668028332306be0b0917bc6153eddecb2e6504eec1aadf91
OLD_DATE_0_13.jpg,val,date_real,user-provided real capture; prefix mapping visually audited,keyboard;laptop,2,ae8dc353e9a037c3ea31cf1a345a9ad92b87d52bf42851669f6df415ef7456c2
OLD_DATE_0_2.jpg,val,date_real,user-provided real capture; prefix mapping visually audited,mouse;laptop,2,c8b3f56cfe3900afdf9f695d8eea981ab89c5a7ce39b1cecc2206b817a963221
OLD_DATE_0_3.jpg,val,date_real,user-provided real capture; prefix mapping visually audited,mouse;laptop,2,e437d1782d11d0287f9ade60f845e3e70b05c4c8b9bf33f2397eb6063a11982d
OLD_DATE_1_1.jpg,val,date_real,user-provided real capture; prefix mapping visually audited,,0,19d33255215e357189b30f5301ed7011bf6e37d5a5852a3fca424cdb36da3769
OLD_DATE_1_2.jpg,val,date_real,user-provided real capture; prefix mapping visually audited,,0,51003195f9d4860d3d9559075806d49372c80771340d55a06ef6dd7b27beed85
OLD_DATE_1_3.jpg,val,date_real,user-provided real capture; prefix mapping visually audited,,0,49266104018b4a59682381d7feb656e0b294777802e37c832ec992768b743ee4
OLD_DATE_3_12.jpg,val,date_real,user-provided real capture; prefix mapping visually audited,keyboard;laptop,2,c1fb0cec4136091c5f4b70a1f5f5ac6b94c2588609ad030fda71960c5c464614
OLD_DATE_3_13.jpg,val,date_real,user-provided real capture; prefix mapping visually audited,keyboard;laptop,2,6536c8e1da4e9f3f93fa9c98882304f9d24bef804476874d32d43fee796144e2
OLD_DATE_3_14.jpg,val,date_real,user-provided real capture; prefix mapping visually audited,keyboard,1,28e29e959ad918785498e5e5acd5017cae038b38eddcc48dbb0978109720cbdd
OLD_DATE_3_15.jpg,val,date_real,user-provided real capture; prefix mapping visually audited,keyboard;laptop,2,bd9f3402691a2d8ae0e89e6cc324574e82fa362488e8f182d2df2cae2277b6cf
OLD_DATE_4_4.jpg,val,date_real,user-provided real capture; prefix mapping visually audited,laptop,1,653bb9788e8813eeffb1e5507577aa14d5b18e95352ddc394d95f93dfb9337d7
OLD_DATE_4_5.jpg,val,date_real,user-provided real capture; prefix mapping visually audited,laptop,1,4db6a9953e8d359ad9543b3037a38b24157329b69f42f8cbcb06568aee635cb4
OLD_DATE_4_6.jpg,val,date_real,user-provided real capture; prefix mapping visually audited,laptop,1,1d7db0fd50f3f4943f38b35da4e5ee26736fcc7dfae77bba5d7fc80bcf938a4f
OLD_DATE_4_7.jpg,val,date_real,user-provided real capture; prefix mapping visually audited,laptop,1,8497298682e987c30d82b7ab420e4b8af5ba1aa5a2d27d2f7c9434c2c43186e1
OLD_DATE_6_10.jpg,val,date_real,user-provided real capture; prefix mapping visually audited,headphones,1,3e5c38f0f9deaf328952f98b42ae62205e9ce520448a0539051d7a0d098336a5
OLD_DATE_6_11.jpg,val,date_real,user-provided real capture; prefix mapping visually audited,headphones,1,4e08c56d503016f17b06d9b51e2aecaa9312d80ec775707cae03f1de93e49f62
OLD_DATE_6_8.jpg,val,date_real,user-provided real capture; prefix mapping visually audited,headphones,1,c77d20e15bb94648ccf21a79e57ebf434067d29c836f71f1cb2d19863b6f680b
OLD_DATE_6_9.jpg,val,date_real,user-provided real capture; prefix mapping visually audited,headphones,1,8bf22c9e227dc50587979ecb12fdbeb605fee4b0b85736c32d322415d9352f00
OLD_OIV7_keyboard_OI7_KEY_0007_96dac0044fbddc36.jpg,val,openimages_curated,Open Images V7 validation; curated narrow-class subset,keyboard;laptop,2,afdf93b43df3777e63b6c1f452847bda7e2ddf0e77899890161ed652e4aec8a5
OLD_OIV7_laptop_OI7_LAP_0007_46b3ee69cede9f7c.jpg,val,openimages_curated,Open Images V7 validation; curated narrow-class subset,keyboard;laptop,4,366d83099a80eccd9f3abc212ef69da4d4da5d023daa61568881513b9ed4decc
OLD_OIV7_laptop_OI7_LAP_0009_b7640a870db80373.jpg,val,openimages_curated,Open Images V7 validation; curated narrow-class subset,keyboard;laptop,4,ec558ed886469a01eefb82b6cc824cb12da31af84b85a68e04df93a3eeabfed8
OLD_OIV7_laptop_OI7_LAP_0010_f3b046e9144b39e9.jpg,val,openimages_curated,Open Images V7 validation; curated narrow-class subset,keyboard;laptop,2,7d0171ad31b8cf346af049cfe3e35ae924400511716a58500a1a9929ccbeb935
OLD_OIV7_mouse_OI7_MOU_0006_398328305b2ed3d7.jpg,val,openimages_curated,Open Images V7 validation; curated narrow-class subset,mouse,1,dd0ab83c6fbcdc6bf0b1c0ef873b65f4e61672339adc4b4c4fbe2d0a608a970a
OLD_P03_S02_MIX_0007.jpg,val,p03_mixed,legacy_imagegen_independent_base,mouse;keyboard,2,3acec2d89cfc6e3ce2e28c8f60b56f3a7f9a15b3209b9ec52538e1087d55098a
OLD_P03_S02_MIX_0008.jpg,val,p03_mixed,legacy_imagegen_derived_variant,mouse;keyboard,2,d11a3b0655718e1e7ad66ff2a7c6c3c7c61fcdc5ae49467d79f59f1010c0c8ce
OLD_P03_S02_MIX_0013.jpg,val,p03_mixed,legacy_imagegen_independent_base,keyboard;laptop;headphones,3,009f75c72ac9eb26eecdf03a5b7354edf912b2b9f5e66483e1ece71f3fdfea05
OLD_P03_S02_MIX_0014.jpg,val,p03_mixed,legacy_imagegen_derived_variant,keyboard;laptop;headphones,3,17b1fb62bc2715fd6879838cbe8ca59e8bfd5dc349811d895cf15e2f9e67ec92
OLD_P03_S02_MIX_0015.jpg,val,p03_mixed,legacy_imagegen_independent_base,keyboard;headphones,2,7b95e1712d59f5c804523c18be89a404fde75a160de7b47aeca580d0b2a5c996
OLD_P03_S02_MIX_0016.jpg,val,p03_mixed,legacy_imagegen_derived_variant,keyboard;headphones,2,9cb10dfd102b64da76df6a2ee802cf66427747ac70cf1ec063d315b2160136eb
OLD_P03_S02_MIX_0017.jpg,val,p03_mixed,round2_imagegen_independent_base,mouse;keyboard,2,6d9a7c09ad2e9081c511b0f3f34ef6e49b22f611e46381fc1556c87af2009a2a
OLD_P03_S02_MIX_0018.jpg,val,p03_mixed,round2_imagegen_derived_variant,mouse;keyboard,2,752e32ced9cadbc39ddf815455f83979fc770fd5ca2d8301e7279de125217630
OLD_P03_S02_MIX_0019.jpg,val,p03_mixed,round2_imagegen_derived_variant,mouse;keyboard,2,c781b78a655f92b5c93ba4f16ce6e8d3f0bed48bcd1f855bb93d7826fafa3940
OLD_P03_S02_MIX_0020.jpg,val,p03_mixed,round2_imagegen_independent_base,mouse;laptop,2,8f43bfda850198616ab786418dfac25e80031efb5eeeb92874ec49318f14f8e7
OLD_P03_S02_MIX_0021.jpg,val,p03_mixed,round2_imagegen_derived_variant,mouse;laptop,2,a25f9fc5066aa5e65935227c614ebfc78a42becf77fe562f38c0c59a1cdd22aa
OLD_P03_S02_MIX_0022.jpg,val,p03_mixed,round2_imagegen_derived_variant,mouse;laptop,2,a69af9ff57ddeaed05c46b967e8d1695d2bcc4d098678c2ec3047234656c2fd6
OLD_P03_S02_MIX_0023.jpg,val,p03_mixed,round2_imagegen_independent_base,headphones,1,e7826c826719d4d16828d5eac1991f175b6665111639a9f41efd9122421542dc
OLD_P03_S02_MIX_0024.jpg,val,p03_mixed,round2_imagegen_derived_variant,headphones,1,1cd1b4f215ad087085fbc4a2124ecd613dc9d0f78215e08dc74690ece0492022
OLD_P03_S02_MIX_0025.jpg,val,p03_mixed,round2_imagegen_derived_variant,headphones,1,aa7f3f5915946809bba3fabd029c9e8c101c8e60bed4dca1435d327168c4a0e5
OLD_P03_S03_HDP_0017.jpg,val,p03_mixed,round2_imagegen_independent_base,headphones,1,55924c337b141c8c6dd4c78e0121bdd05175b687287ece50636556f34ffd94d1
OLD_P03_S03_HDP_0018.jpg,val,p03_mixed,round2_imagegen_derived_variant,headphones,1,a8d8b42c722bfbb3f895259795d01d9313bd3a18c89fe82c618a144ee82bf382
OLD_P03_S03_HDP_0019.jpg,val,p03_mixed,round2_imagegen_derived_variant,headphones,1,166bb8e91583cbf172755a0accb6fa8608c499ae92a05352f4459b896382b5dd
OLD_P03_S04_MIX_0006.jpg,val,p03_mixed,initial_ai_or_local,mouse;keyboard;laptop;headphones,4,d150c2cc6f8ac101e11c1cdc91b5daca718771eff22b64f0e7128407b94fbc62
OLD_P03_S04_MIX_0007.jpg,val,p03_mixed,legacy_imagegen_independent_base,mouse;keyboard,2,b094fe69c80a4af264d72d72d8d89d4439679f36b3c0983cd8e956855d1acbd8
OLD_P03_S04_MIX_0008.jpg,val,p03_mixed,legacy_imagegen_derived_variant,mouse;keyboard,2,e053dca0547b494c15450be4b1709f5f5bc558b33366d4f141b4dcc368077592
OLD_P03_S04_MIX_0011.jpg,val,p03_mixed,legacy_imagegen_independent_base,keyboard;headphones,2,7676a40529c05976b3ba8aeac7ef8d47ab8a9e6ae96532c28b9f525a80c7021a
OLD_P03_S04_MIX_0012.jpg,val,p03_mixed,legacy_imagegen_derived_variant,keyboard;headphones,2,7bc6181bb6ea2fe6f54cd5c6a294ecd111b5f0f6126a4e9405b7f2678479a3c3
OLD_P03_S04_MIX_0013.jpg,val,p03_mixed,legacy_imagegen_independent_base,laptop;headphones,2,0f8a8c6db3c817e9c938e9c284ddb7b32a8deacfc7535cf19f26ed78f0e55468
OLD_P03_S04_MIX_0014.jpg,val,p03_mixed,legacy_imagegen_derived_variant,laptop;headphones,2,a677cad2675cfb424fbd0491d9428fcec325d957f7822e42b8d749240c6584d4
OLD_P03_S04_MIX_0015.jpg,val,p03_mixed,legacy_imagegen_independent_base,mouse;keyboard;laptop,3,efc0f9d691c69d58dcd86fbecd5f2667fbb4af48bb4be9caedaa28c678bd088e
OLD_P03_S04_MIX_0016.jpg,val,p03_mixed,legacy_imagegen_derived_variant,mouse;keyboard;laptop,3,4dff0e7b058c1f81855d2c74c915a00f65a734818639247bf43ec98a0d1b6e41
OLD_P03_S04_MIX_0017.jpg,val,p03_mixed,round2_imagegen_independent_base,laptop;headphones,2,882597ee1f51b68ca280dbe714d0cdfa67f174e20890a3ba3400453d8bcb5c5f
OLD_P03_S04_MIX_0018.jpg,val,p03_mixed,round2_imagegen_derived_variant,laptop;headphones,2,ce9fc7c1a5eb492f67aa0d0a46d05a47961f0d72b17ae897ecaf3b4c17ae7a32
OLD_P03_S04_MIX_0019.jpg,val,p03_mixed,round2_imagegen_derived_variant,laptop;headphones,2,2897bda11e4db742c4b9fbc24d3364f6ae04d46c477e5eeb6787b890e54ee925
OLD_P03_S05_NEG_0017.jpg,val,p03_mixed,user_real_photo,,0,097434b11cdb719d3cb88c199a73b9f0d10c999c1e0e4279e4b6ea0509e9263c
OLD_P03_S05_NEG_0018.jpg,val,p03_mixed,user_real_photo_derived_variant,,0,6090d0da8c824c5ccbec6bda4e6875c334f2b932cd7a02d75b0f0bef9e60cd7e
OLD_P03_S05_NEG_0019.jpg,val,p03_mixed,user_real_photo_derived_variant,,0,a817085576de721589fec9597a8c4559b4a28385b18097041db3b4130f6aa673
OLD_P03_S05_NEG_0029.jpg,val,p03_mixed,round2_imagegen_independent_base,,0,96e59890401db98ac0dfdd8ff75b46faa04d8954bfe0c0b4d1e9be771f010fc9
OLD_P03_S05_NEG_0030.jpg,val,p03_mixed,round2_imagegen_derived_variant,,0,1dfdd84b52d2e340d370fdd7e847486fc2a3e7deef2451ac2e30bfc89a22e717
OLD_P03_S05_NEG_0031.jpg,val,p03_mixed,round2_imagegen_derived_variant,,0,e7a7b8cd374906767114313e9e7d21c7dc53ed0c742335e3f679dd198cd98266
OLD_P05_S01_HDP_0109.jpg,val,p05_mixed,generated_image,headphones,1,03f3adb699cf39f28e1f934b54572443a7b3a96beb4c5a2fc8c5642a3d9c7724
OLD_P05_S01_KEY_0031.jpg,val,p05_mixed,generated_image,keyboard,1,23c053b2433e7b1b1d054d5b262e0baa1e9bc8e224fcbc4efba4116cd279e8db
OLD_P05_S01_KEY_0032.jpg,val,p05_mixed,generated_image,keyboard,1,e2b0bd22a00febd86dbc75d33cb9f149703e02896d2d86a3f4c96a06fbe1d94b
OLD_P05_S02_MIX_0026.jpg,val,p05_mixed,generated_image,headphones,1,068b3c45b68d6399316694db685cc622123a6ef018e309c9e418cbeddf60a7a1
OLD_P05_S02_MIX_0050.jpg,val,p05_mixed,open_images_v7,keyboard;laptop,2,e37d659b69d4fd587c6167e620f3636babd64be07889e03015bdda6cc0f9f811
OLD_P05_S02_MIX_0094.jpg,val,p05_mixed,generated_image,laptop;headphones,2,bd6bc11075ccc79e2450249c666ddef8b9722b7748321a002f7e3c1ae2741fc4
OLD_P05_S02_MIX_0102.jpg,val,p05_mixed,generated_image,mouse;keyboard;laptop,3,e996492be16507251718dc62e24b7e42099f08e865d22141855992e6eed91984
OLD_P05_S02_MIX_0111.jpg,val,p05_mixed,generated_image,mouse;keyboard;headphones,3,4d7637359bd4422293ad29ee0eb686ba84c2bd0cb468f32295b5dbc740fb5aaf
OLD_P05_S02_MIX_0119.jpg,val,p05_mixed,generated_image,keyboard;laptop;headphones,3,e3db6ee91d381064b967ee5b8baf03a6b17d291da013563bf5373c06600cb77a
OLD_P05_S02_MIX_0120.jpg,val,p05_mixed,generated_image,keyboard;laptop;headphones,3,ed77881cda3ced0c0135175faed0c71abce335f61ce6a5cabb2939e239daa9cf
OLD_P05_S02_MIX_0121.jpg,val,p05_mixed,generated_image,mouse;keyboard;laptop;headphones,4,08d264230aba8ecbe4c1ff1d736e440fe0c5c161058ead3cb64be1794e60bfe6
OLD_P05_S02_MIX_0124.jpg,val,p05_mixed,generated_image,mouse;keyboard;laptop;headphones,4,a464337aebf1d38a2ead37226ea2266c551c4fd122a9d37e5cfa910806ddab6c
OLD_P05_S03_HDP_0043.jpg,val,p05_mixed,generated_image,headphones,1,d8a45f4df9a861793c1642ec544204f33f9330a120b33af4458677520ab8f518
OLD_P05_S03_KEY_0011.jpg,val,p05_mixed,generated_image,keyboard,1,4debbc357c0678771b1e2e222e6faad9f1f97ac4b5713dba5f3d47e636cf1aeb
OLD_P05_S03_LAP_0023.jpg,val,p05_mixed,generated_image,laptop,1,32041a766a6e1e4b0256b8e64be0b07ed45db19c4a6b586a323aaf1bd38e7fbf
OLD_P05_S03_MIX_0076.jpg,val,p05_mixed,generated_image,laptop;headphones,2,82325f05a724088315a231c9f1a1562f6806760546b8bf0f60387a893b5e0c86
OLD_P05_S03_MIX_0099.jpg,val,p05_mixed,generated_image,laptop;headphones,2,489b898164ddc0a8dcad565f965b82bc82baabd215457901ee6c13978c190a9c
OLD_P05_S04_HDP_0045.jpg,val,p05_mixed,generated_image,headphones,1,d226f7930f094002342ff91443bf278cf920846570929d065694566db7ecc8ca
OLD_P05_S04_HDP_0048.jpg,val,p05_mixed,generated_image,headphones,1,c5752e116575468672f00ee494461517e787aca5ce1fd09312209ca8dfd1318e
OLD_P05_S04_MIX_0058.jpg,val,p05_mixed,generated_image,mouse;headphones,2,79fb89ba852832c2df9b423a932190ea11c2ecebb79ab3bce27d961228278d6d
OLD_P05_S04_MIX_0066.jpg,val,p05_mixed,generated_image,laptop,1,a541e29db0ae3b394aecffead57814a6ea9723d3e4ebf304383d1efc77a388a0
OLD_P05_S04_MIX_0086.jpg,val,p05_mixed,generated_image,keyboard;laptop;headphones,3,13273ac2e52be52a379bcebba8fdd133b91ff91016430ea96a6bfba903210de1
OLD_P05_S04_MIX_0089.jpg,val,p05_mixed,generated_image,laptop;headphones,2,15e302245317548e88dd87843aed30787b8cdb16d7512368df475a3661fceb0c
OLD_P05_S04_MIX_0092.jpg,val,p05_mixed,generated_image,mouse;keyboard;laptop,3,7f4d7acb2c6c44b6a2fce5ac0d2700f6db25b24a813efb953653ed04a2908908
OLD_P05_S04_MIX_0095.jpg,val,p05_mixed,generated_image,mouse;keyboard;headphones,3,2b6d3381ef48b8844c823dc800ecb8d59eaa43d0d61b4194c61d5d9f7f32c96d
OLD_P05_S04_MIX_0097.jpg,val,p05_mixed,generated_image,mouse;laptop;headphones,3,d8d7a8a91d6179125f9ab0907247d510ca41efa3bdfd6514c01117deb62b8974
OLD_P05_S04_MIX_0099.jpg,val,p05_mixed,generated_image,keyboard;laptop;headphones,3,22fe54423907fdbb9997c394a113c505b653df05ba256a214adec1060df75cb3
OLD_P05_S04_MOU_0001.jpg,val,p05_mixed,generated_image,mouse,1,86dbb0d2bfd53cae16ff4f96a19ab95e656b538ee45ab929834b7f6c560e975f
OLD_P05_S04_MOU_0003.jpg,val,p05_mixed,generated_image,mouse,1,af12c7b2eed45b57dacf94919d9f7d16b5e6dc242fced47cfb76880733501766
OLD_P05_S04_MOU_0005.jpg,val,p05_mixed,generated_image,mouse,1,80d76bff71d8528496c632f2b3a613d66c55f0562618a285d96ed5118c4b5ff5
OLD_P05_S04_MOU_0007.jpg,val,p05_mixed,generated_image,mouse,1,69349ced4b373b802629d9f04df33853f64d84dcb8182021720bc6cca4238eb4
OLD_P05_S04_MOU_0010.jpg,val,p05_mixed,generated_image,mouse,1,02a87ef0c9d39cf3f04e88ef4038f56a09b46127d669444171d348df594ce0db
OLD_P05_S05_NEG_0003.jpg,val,p05_mixed,generated_image,,0,7fde43a6b42e35b12bc7c6c52c03f62bd879de87b42bd3c2b563bbc43e4575a1
OLD_P05_S05_NEG_0016.jpg,val,p05_mixed,generated_image,,0,593fecf3fd91e1dc8f9470a819b4f5248196135475e1f34d7467d11effda48db
OLD_P05_S05_NEG_0028.jpg,val,p05_mixed,open_images_v7,,0,535cc6d917bb52853b2767a540937b0a2c9ef87ac28e01e161482de24271773a
OLD_P05_S05_NEG_0044.jpg,val,p05_mixed,open_images_v7,,0,1fb4c9797c635fa2600e84b660074206ad32530a1d0a3264dad7ef13ade3e3a7
OLD_P05_S05_NEG_0046.jpg,val,p05_mixed,open_images_v7,,0,62377d5ddaab4ae87c372f9fd06dfd3e4ca15f2644cf771687cf5e64780a9963
OI7_027b5c62f38fc44e.jpg,train,openimages_v7,https://www.flickr.com/photos/kwintin/3433411113,keyboard,1,d2aa8b5949336abc5786788062ed962a5a6307ce84589f105672b5be4b4fb7a7
OI7_02ca56a928857d93.jpg,train,openimages_v7,https://www.flickr.com/photos/timjoyfamily/12589927604,keyboard;laptop,2,3306569d081fa042302b4ac9be051264ef2ee7048a73092faea8fa2b5a58cbd6
OI7_0378fe468292e979.jpg,test,openimages_v7,https://www.flickr.com/photos/openlife/8349516772,headphones,1,bb158393ae8fcec39180997cd154662bbcbb10d4c232dd1f0e158debd87bc2e5
OI7_04148d451d34d720.jpg,train,openimages_v7,https://www.flickr.com/photos/av_hire_london/5579224313,headphones,1,d280db184b9283efce5907538cbe2049ea271177c4f4ae542ff1804eeb861714
OI7_041c3baee925befd.jpg,val,openimages_v7,https://www.flickr.com/photos/7958754@N03/6951938837,keyboard;laptop,2,734869e2893ae378a5e1fa4aafd2ee7327c4d821abeee3b439c80b925e25f4d1
OI7_048b46152eebee01.jpg,val,openimages_v7,https://www.flickr.com/photos/cecio/282162505,keyboard,1,4b6af70443a96eddbe6dffde601585368eec6d2ccbaa08c545acd9f6ba1c6e20
OI7_04a6eb882c39a5ce.jpg,val,openimages_v7,https://www.flickr.com/photos/magicfab/58058366,laptop,6,05b5212e1eb392188638d0192efc764be903228819f294a924ed5f60d41c9e0f
OI7_04b01356c42e5d28.jpg,train,openimages_v7,https://www.flickr.com/photos/qqjawe/6504181677,keyboard,1,412e72109a895e31ad3cfe362194a52c11c2e642cf2c2ef53576b07513d07a96
OI7_04e62b3e2e509997.jpg,val,openimages_v7,https://www.flickr.com/photos/osseous/7393036650,laptop,1,46ff5e2331633d7c96e3696a386d759174a59f40c139fc8ba643c44fb741bcdc
OI7_0517967a67471731.jpg,train,openimages_v7,https://www.flickr.com/photos/annak/343759386,laptop,1,1a4224669ea1e498ae88e57dcf3f079a2cce9b68d26518764e731eb40629b696
OI7_055b3b56ed924815.jpg,train,openimages_v7,https://www.flickr.com/photos/neo_t3/6951952643,headphones,1,1dc3c97fc7a7670b582f90bd4b26caf9298a38d28598993809ff9af6c2b88a3a
OI7_062d60896de0ce35.jpg,train,openimages_v7,https://www.flickr.com/photos/goodspeed/284475246,laptop,1,374d7bd10c40fe0ff688dd5867b2bf21df62491b37254aa1c47600d2f1c4d5e9
OI7_0646fb850d6442dd.jpg,train,openimages_v7,https://www.flickr.com/photos/rssupport/5719743365,keyboard,1,4f81d0e723b431fa3aaa08f3818a96d271a4ecc1b6a49f39ad6b223e5531ca4b
OI7_06b3135e17f279fb.jpg,train,openimages_v7,https://www.flickr.com/photos/knightbaron/5467489956,laptop,1,4ffa5597c37ab9e04c3597c59d566843e36488bbecac671d8a0bfe98c8cb5a2c
OI7_07a3af0cfed5a061.jpg,train,openimages_v7,https://www.flickr.com/photos/tokanizar/4868483561,keyboard;laptop,2,cb8da87bddde95138740f3b0198b47353fbeb5122bef0d442c9874f6388cc30e
OI7_0836a2a0b49e3d2d.jpg,train,openimages_v7,https://www.flickr.com/photos/mrgamebox/3739647697,keyboard,1,f1e5d86c19668a71728b51a2c4e4da149080c976886a11e1a8c23c3c0bdbcd54
OI7_08ed88f402bc2ce1.jpg,train,openimages_v7,https://www.flickr.com/photos/sebastiankippe/3578212423,laptop,1,3fed863d5f67aa5c99d3dbc75eb1a1142749adecfa6bdccacc918b97eeab263c
OI7_0a51fd1a18528f7f.jpg,train,openimages_v7,https://www.flickr.com/photos/hurtre/4942722825/,mouse,1,6bd7f3cd9d67c9f84e0089975a81906cf9b6c2dfe802c2904265350cf8f011c4
OI7_0a638e9d9a924f5f.jpg,train,openimages_v7,https://www.flickr.com/photos/conanil/1186276193,keyboard;laptop,2,2e58a4c9c4508a409dbb1383112ad61fa67772687f4a3efa1330c868b4a50cb4
OI7_0ab71726276e827f.jpg,test,openimages_v7,https://www.flickr.com/photos/zilupe/2316342038,keyboard,1,011eca9193736e7553b1b6295d089b25c99ec4e83aa7d07e6a3006c0092dd2dc
OI7_0afed95b79ac15e3.jpg,train,openimages_v7,https://www.flickr.com/photos/mariahagglof/8148535920,headphones,1,1ef82f87d9981b8ea8fd76cc1033407d9e8f3625fa2b3ae6283fee2c5bbfdb80
OI7_0d623eeb602617be.jpg,train,openimages_v7,https://www.flickr.com/photos/dumfstar/8553473662,laptop,1,833cb43c749a13a6675bfa57ab8c09e6696650661c6d88da03d172fba4e138c5
OI7_0d710305021a46b5.jpg,train,openimages_v7,https://www.flickr.com/photos/tprzechlewski/12718735775,mouse;keyboard,2,7370cf28e5a85f6d45319601de83d959d47bc4e6f2eed1efa6a607a832c287f9
OI7_0d858ac3856244ee.jpg,train,openimages_v7,https://www.flickr.com/photos/paperboyz/8318399860,headphones,1,224192d73749aefb8736730f10531fce8caf91e303e16794d3a2d76f929a96e9
OI7_0e01043680c40c32.jpg,val,openimages_v7,https://www.flickr.com/photos/infinity-d/5308874488,mouse,1,8744d3fe221e455006e2d61366a220ed6352aa3a14fceaa6cea81e2105b9b75e
OI7_0e27c9b0593260d2.jpg,test,openimages_v7,https://www.flickr.com/photos/ajaysphotography/8493337886,mouse,1,665f4541339e1ce78e6ee04a1d87c1e3a07f8d08d8439b558f8e58ef04998491
OI7_0e4a479e5d1997bd.jpg,test,openimages_v7,https://www.flickr.com/photos/1c11/5119918654,keyboard,1,c09eaccc53fcd04bcec51da65a918771183b1c11885c2c842539c33d05d28557
OI7_0ebd6a0200dfa59c.jpg,val,openimages_v7,https://www.flickr.com/photos/nnova/2209784488,keyboard,1,14cd080931854411de615b6c99ec8869e58c06172ffb7bce677f9dadbe001f68
OI7_0f4036ef99eb11d7.jpg,train,openimages_v7,https://www.flickr.com/photos/koalazymonkey/3578417059,keyboard,1,54819e190bfae249ba8d6535072cab977119a0aee2ee11a7638b878d2907acf0
OI7_0f59ea29ab0453e8.jpg,train,openimages_v7,https://www.flickr.com/photos/lunchtimemama/98528158,headphones,1,8d1a15948a1065460a3834deebfebb1b0fb489510e966e72f8422d920aad13b5
OI7_0f6686034dc76b86.jpg,train,openimages_v7,https://www.flickr.com/photos/bmiphone/4952712147,keyboard,1,a27570d9ff52bbf5b3ce9493d21e180637f0190249fe9a9338d50de1fbf9569a
OI7_0f817e05eecad078.jpg,train,openimages_v7,https://www.flickr.com/photos/isaacmao/47604332,mouse,1,f0280875e41df1e193ad0ae34a81ca2721e68d91fd85fb82647c5bf7bf1ec623
OI7_0f92aa6babdb5149.jpg,train,openimages_v7,https://www.flickr.com/photos/compulsiveguile/2798098641,headphones,1,2425b3706b027a46a209090360ef887ccf94a19b2b97b033a911a54f4e85bdf2
OI7_0fa0631492204626.jpg,train,openimages_v7,https://www.flickr.com/photos/55817030@N04/5169461664,mouse,1,e4912bad1d2132a6d9d546921b215a7a5b6d1bafad7d253c60b79de2faab6992
OI7_1098559cebaafd9e.jpg,train,openimages_v7,https://www.flickr.com/photos/peteoshea/5739526466,headphones,1,f0c30d417e6dda5e6022a05b1caae18b68b3b3624b508d62212543cccc711433
OI7_1348e6f01df2c79a.jpg,train,openimages_v7,https://www.flickr.com/photos/pascal92/15264215674,mouse,1,30a6c3382162b96f334ce0506bcd7757e7ac30deaffb14d605b4d6ab01b9bbd8
OI7_134ceb5c6908059c.jpg,train,openimages_v7,https://www.flickr.com/photos/candy-s/6963170857,keyboard,1,7b689e793af0d248cf306cc255906e0cf2212535fb20bfd1629ac784137a5abf
OI7_1432299368a83ad4.jpg,train,openimages_v7,https://www.flickr.com/photos/edwardyanquen/2184204114,laptop,1,77a42288714710fb5c2d9f3b6267679f999dd4799aec67a24f3eeb6c2170ef87
OI7_14eaab08037c5b17.jpg,train,openimages_v7,https://www.flickr.com/photos/yu_chuan/3196011358,headphones,1,d85027e27eb3abacfe7bd9be3d297843cd52a0ac4e501f0dbcd3ca778092c5b2
OI7_152dccdcfdf03ac2.jpg,train,openimages_v7,https://www.flickr.com/photos/42231620@N07/3982099559,keyboard,2,111504944bfd1257d1c3b14424705abea7b0db960e80442ff11db397eb3d4f1d
OI7_178cedb42261425b.jpg,train,openimages_v7,https://www.flickr.com/photos/liquene/3967849907,laptop,1,d354e524702195da8f853aa5bb5d396c9e239fa8272a6483aaba1dfdafdd332a
OI7_17f8cf4d94710527.jpg,test,openimages_v7,https://www.flickr.com/photos/30478819@N08/14382192572,keyboard,1,1a6f5431d2a7de54625f37c70968df7b1d2237023e613f402e26171f9092ec19
OI7_188e75fe9f483698.jpg,train,openimages_v7,https://www.flickr.com/photos/timpritlove/123865928,laptop,1,89d2de378c716dd5b96e27c4c4a7f481affcb35792f4054c075a339d8b7b1879
OI7_18b4ed30f44419b5.jpg,train,openimages_v7,https://www.flickr.com/photos/mythwhisper/3462713553,keyboard;laptop,2,18901e068b88b7c765e1d83e09fc4c7822707ebceb8b8f0a9ad241428e0ae844
OI7_19785ab1a5eb3c6d.jpg,train,openimages_v7,https://www.flickr.com/photos/microsoftsweden/4290606664/,keyboard,2,c49e8de3a274ee8a046a86c48327eafe88e5588def36023e2b032df707a9aa0d
OI7_198b5e78282c48b7.jpg,train,openimages_v7,https://www.flickr.com/photos/total13/3631280024,laptop,1,886c6d35c4ab64a283869337c32355f6b7dac503ec57453b260d9450e8683b44
OI7_1a7816f8c49ed04f.jpg,train,openimages_v7,https://www.flickr.com/photos/billbooz/4578315324,keyboard;laptop,2,3a89bc1673aae1413f636b7868717efe0e23f6cd70da32bb26c204ad8d9f3b3e
OI7_1abe88d03b643282.jpg,train,openimages_v7,https://www.flickr.com/photos/vernieman/11158753503,headphones,1,6c1b6994f9a6a6daac7ff84862f0974e25d544f5d202668b88a5dd79d6f372ad
OI7_1ac9e1ec8800385b.jpg,train,openimages_v7,https://www.flickr.com/photos/paulmiller/13465462524,laptop,1,f6dc2d30ae098f81d8a4bf971af4f970848658932c2a132f34d405ed31cebd21
OI7_1b78346f65ea59cc.jpg,train,openimages_v7,https://www.flickr.com/photos/shardayyy/8004733769,keyboard;laptop,2,b30cdbd7003302f2d26ce3f9a28a4ac311bd617d1f1b0a85e2065c84f6afe8e3
OI7_1c5fe9deddf7d9cc.jpg,train,openimages_v7,https://www.flickr.com/photos/n0ssc/6778530940,keyboard,1,d69f07098f7c0412f5544de315b635a138438bda84621665fabc903acb1a7f23
OI7_1c66b8c9eec3c766.jpg,train,openimages_v7,https://www.flickr.com/photos/anakbrunei/9365917022,headphones,1,7c4caed7320e72288e235c7bd70b1b5ef514c4bb4ef276b81c0b1213fa9d3bc3
OI7_1cb176b5ab13ff99.jpg,test,openimages_v7,https://www.flickr.com/photos/mozillaeu/6318644496,keyboard;laptop;headphones,3,20b1695f3ecd44b3908756298c9b6b03b831b6964222d82e85468a8a78b0c819
OI7_1cbeb03e6efca760.jpg,train,openimages_v7,https://www.flickr.com/photos/the_pink_princess/283675171,mouse,1,3ab53ba9aea5fce77b0c4a3a25079ff8661bb588546b7886b009838da9ca5377
OI7_1d3702a4e1d99fc1.jpg,train,openimages_v7,https://www.flickr.com/photos/superkas83/3453839281,keyboard;laptop,2,c37a9dbc705c2d3f8460b08f3334df4936ca421dc601bca720fc34274449aeef
OI7_1d9147978fcd7543.jpg,train,openimages_v7,https://www.flickr.com/photos/moon_yu/2272240963,keyboard,1,029bc2f2e7b26f80395ee5c1b561d4bad465315bf8dbbd26a1eb959347e49b2e
OI7_1e4472ec8c79b754.jpg,test,openimages_v7,https://www.flickr.com/photos/mejiaperalta/4889643134,laptop,1,a233ee20be105815d26360271f438dfc8d56d939d18a3d2ade4bd544337a3ee2
OI7_1e471949af0ac2f5.jpg,train,openimages_v7,https://www.flickr.com/photos/oh_you/13042451783,laptop,2,74866e03ad9f3bd596c8dee03d912aa5a9bbefe73e8cd3ccd96509166c9bb596
OI7_1e5df222e7b48bf8.jpg,train,openimages_v7,https://www.flickr.com/photos/nbachiyski/4554461418,laptop,1,b0e1d7bb81f5b780b6656f7d6282182a7018ab507d9b3590309b06f11bb94398
OI7_1efcf77ca6b020ed.jpg,val,openimages_v7,https://www.flickr.com/photos/maximemcduff/2383319204/,laptop,1,90f4810a772457528c72da1c167bded59cfe470ad4303ed4aaa11384004444f1
OI7_1f24427d545bd5ca.jpg,train,openimages_v7,https://www.flickr.com/photos/globalx/1825416129,laptop,1,f4a1e5380a6b1bb9aaeea3314ed9486feb9cddcf22fdd2e6f25381aab8faf06e
OI7_1f5bcc4ff6e0e48c.jpg,val,openimages_v7,https://www.flickr.com/photos/isa_lias/6395455901,keyboard;laptop,2,2ca2fccb2025889e9eeb8cf9b8aac842f2b2db7319e1f2205b9d59ea146c9579
OI7_206ef74330b37d18.jpg,train,openimages_v7,https://www.flickr.com/photos/topgold/12303999114,keyboard,1,206236c478eef86b724e38fb0938b0674e862095d7b8276eb408485efc2bd471
OI7_20e3ff850a5d4373.jpg,train,openimages_v7,https://www.flickr.com/photos/rueful/5801692573,laptop,1,521f39cb050c5248f2cb71fa8e7bbcfe9688898b9327bf2dec93560c69719975
OI7_21fb6a1e188a4ea9.jpg,train,openimages_v7,https://www.flickr.com/photos/criterion/17419277989,keyboard,1,e25b290cdbb7821af3ba29adb6526b028ada042d66395841b03a3d5646793652
OI7_22fa860f70c6f856.jpg,test,openimages_v7,https://www.flickr.com/photos/psd/15465258944,keyboard,1,03e546a5c3762887e26854902f54dc922168a7e609107d90b68a51fc44a208c9
OI7_22ff8a252588f3d7.jpg,train,openimages_v7,https://www.flickr.com/photos/hoelscherb/4039066496,keyboard;laptop,2,f8d76f31332b8aaccae111cd4614cf5decbf32d0138f3cef1e95a0423ddff117
OI7_237b3f8285bd2086.jpg,train,openimages_v7,https://www.flickr.com/photos/nordforsk/16354238874,laptop,1,a3f7bc71c138dd37fa5d3fa537fb6374a1b4eb83157d280351fe322826bc11a0
OI7_23be68a0f77aec4e.jpg,train,openimages_v7,https://www.flickr.com/photos/chibidan/8304269797,keyboard,1,3ddabf8309681b35ebd017985fa666a57571e513365803b95124401d8f785795
OI7_24050ee6edd2a211.jpg,test,openimages_v7,https://www.flickr.com/photos/godolphin/4810969,keyboard,1,7cba6b362e2de7b95bd6cc65218a724936b3ddc09f98013bf6f802ca4e166ec3
OI7_2409d5d183ffa37b.jpg,test,openimages_v7,https://www.flickr.com/photos/busbong/5379895246,keyboard,1,2f3b20b3fed08ee9448495eb7978d4aa304a65897d32d012b9b9600a223b96e2
OI7_2516b87354b26f7c.jpg,train,openimages_v7,https://www.flickr.com/photos/cjmartin/7663058548,laptop,1,6255036a3d8f5bece2b208c7855ead763bfb5d5944dc96c673b76fb66e61ba8b
OI7_2568823cee1082d2.jpg,train,openimages_v7,https://www.flickr.com/photos/fs1communitytv/7556883830,laptop,1,220b7c00ddd103904b907ddcb232702728a8f641738764e00472c735b2b09ae5
OI7_2574656d10ba0557.jpg,train,openimages_v7,https://www.flickr.com/photos/38686613@N08/4611143781,keyboard,1,c99db3809ee39304a9dd025e9432aaddd7ff2b8a9404ea772741f6c9d043d116
OI7_2629307fc2873a18.jpg,train,openimages_v7,https://www.flickr.com/photos/46053374@N05/4625837020,keyboard;laptop,2,db422f735f11c2ec7f952bfe7ca2ed7e98e1f5cb1883290e63a0966da4e1cc6c
OI7_2680e39d5bf92952.jpg,test,openimages_v7,https://www.flickr.com/photos/sikachu/5962606991,keyboard;laptop,2,0c1a203fe09599eb8edf57bfd38e6d3d64540adb7cdfbc92ff7c02b8c9072d2d
OI7_26dcc5a786b544dc.jpg,train,openimages_v7,https://www.flickr.com/photos/elektronikkbransjen/15522648989,headphones,2,c04b28115c883522019ee7d01a2a7c80fbe81136c4e00e33599fd4417d76c1cd
OI7_27a42265dc273376.jpg,train,openimages_v7,https://www.flickr.com/photos/jerryluo0520/4249907576,mouse,1,73746c97e1745788611813fe30eca4fd3547a2de75d7504769878d1f3fffd458
OI7_27ba2858e4182e7b.jpg,train,openimages_v7,https://www.flickr.com/photos/126467405@N07/14754718071,keyboard;laptop,2,a3aeab59ba6c07a3888ad8818be3318e21db614f9e940e8c55aba0c5c1f1f71f
OI7_27bb3dc172948f53.jpg,train,openimages_v7,https://www.flickr.com/photos/itopic/3906843508,headphones,1,544048a846d4694e49676532ad0ba6557c2a3e39e6220725daee0640b973870f
OI7_289a988c35d57894.jpg,test,openimages_v7,https://www.flickr.com/photos/mmordfin/2793345522,keyboard,1,7bee387efd1a367ae142aa3e4f1625a43ee429ed4db1c7175c449fdbe835d8c7
OI7_28c19c63766eaf52.jpg,train,openimages_v7,https://www.flickr.com/photos/defaulterror/6812463888,laptop,1,52a02cfd5a094ead1c6f676e7d070a0c86b51e709d2e87bc3efd78c85d3c6888
OI7_2a7f66464242753b.jpg,train,openimages_v7,https://www.flickr.com/photos/simbe/3389795020,keyboard;laptop,4,f03ee58cec85d2e16d7d32e8743684afae01231e70449b8523483c0014321a75
OI7_2a8880a420841a19.jpg,train,openimages_v7,https://www.flickr.com/photos/ansik/3604036685/,keyboard,1,debb3b177bc377c075dfa1c8e1cb307115f5a4c115d2558ac101265860c4b75a
OI7_2bb198e99eb2b8ba.jpg,train,openimages_v7,https://www.flickr.com/photos/mihi_tr/8244747706,keyboard;laptop,3,616a62b47361603e6382a69e55749adbec727009bf0b26ff52d626cff01c39a5
OI7_2bc941fac87f3826.jpg,train,openimages_v7,https://www.flickr.com/photos/edwardyanquen/2089199809,mouse,1,20fc9a3b16a8d13aec24e09d6e998535955c4a4cfe1c736deefe049de2696b82
OI7_2e065fbeeea9bfa3.jpg,train,openimages_v7,https://www.flickr.com/photos/124561666@N02/14218037027,headphones,4,915cafd2c091867236d225c822ee9063c09dd5ab14c4e29f639d8343fd71a7ac
OI7_2e344fa614e16e68.jpg,test,openimages_v7,https://www.flickr.com/photos/jfanaian/18774225708,mouse,1,7d3285b5764864414aea52d6b055b26e2a89c2c3df8e302f8ddcfbdf1bb9ab06
OI7_2e3b7194f1fb832e.jpg,train,openimages_v7,https://www.flickr.com/photos/t-studio/3308152880,keyboard;laptop,2,e585daf8aa8466e7d2b494d0a973ad705ced55a5d8901b1734bb215f631db94a
OI7_2ec978b97a3c1da8.jpg,train,openimages_v7,https://www.flickr.com/photos/cs-jay/4652010221,keyboard;laptop,2,909b785058f45cb64ce572f3bea277f2177499016f1d59a6b81e38525c2ac6f3
OI7_30e15713103581c7.jpg,train,openimages_v7,https://www.flickr.com/photos/pear82/8594819947,mouse,1,f3b20fb6d9417d9843663f33ab5d34411dcbbf6048164b49381107a47630e724
OI7_30fbec4e8c9fb7ba.jpg,train,openimages_v7,https://www.flickr.com/photos/opyh/5327365935,keyboard;laptop,2,b8caacdef56ff7719d5463be8d4f3256cec3b3ed1eec7669188e63dfa6f476e2
OI7_31315f4df7ede550.jpg,val,openimages_v7,https://www.flickr.com/photos/8143727@N07/5677014248,headphones,1,fe4e5262367490ffb23311ccba0060cbdd99af795d45884058116bc59219ea95
OI7_31c010689f461b0f.jpg,train,openimages_v7,https://www.flickr.com/photos/afroswede/334591,keyboard,2,04eeecaaf5e94329a6548d6da7e7f7da11697e597d498f39dd74fce380cdcbbb
OI7_31e0383b18a48a63.jpg,test,openimages_v7,https://www.flickr.com/photos/suchi/13072614314,keyboard;laptop,3,abc0da55cece1eebf685f595061ad31fdfdb238f9cb7117de700255921cc60b4
OI7_31e5c48c76dacacd.jpg,train,openimages_v7,https://www.flickr.com/photos/tjeerd/42971801,keyboard;laptop,2,3d364565bf197cec3b333ec2303442c9d7dda9f1b23c17b868cfa58cf54dbc96
OI7_31f30cd266dbf9e1.jpg,train,openimages_v7,https://www.flickr.com/photos/joeltelling/27583136,keyboard,1,2e148a5c40c3bd591cc4958efd5f81d0e84413449eec5409b77cce36bc2eb7d5
OI7_3226f563d30d7129.jpg,train,openimages_v7,https://www.flickr.com/photos/aditza121/238734279,mouse,3,5e3f3664f2ef88d7b8459aa668c6dea978a89810c230c694d198fdf21d041ee1
OI7_32759aa0fbf4a564.jpg,train,openimages_v7,https://www.flickr.com/photos/alebonvini/3258274564,headphones,1,3f9793a27101795d3caf8b96714707cf3c3c0028819dcdf35d4403bd6d6b6ef7
OI7_337a8efbe5c064be.jpg,train,openimages_v7,https://www.flickr.com/photos/rdmarsh/5278697924,mouse,2,d051fe10c61cabf3ef558bc944bd849cf17a8e5ed6738fb46926fa0702ef5740
OI7_33917ea7a4885da5.jpg,train,openimages_v7,https://www.flickr.com/photos/yangsheng/2110455486,mouse,1,4ce0784a13e76f1630756c00168ee3113cacb2c0fc5bf3e778cd922a7d852434
OI7_34da803c6cae973c.jpg,val,openimages_v7,https://www.flickr.com/photos/nestosjp/6865126633,headphones,1,c8e93cec6eac257975f37fa722aeb56facfa52c9833f5605f18c088cf6b68537
OI7_34f021f5f48c29ee.jpg,train,openimages_v7,https://www.flickr.com/photos/danielchownet/15301925387,headphones,1,c3a0e27216b99a1544cc78f5e112e84da474d580f3798a0fd0b1ed5f05c0743d
OI7_35f4d459724f5518.jpg,train,openimages_v7,https://www.flickr.com/photos/28674126@N02/6110141290/,laptop,1,229a0090a0178e6dbc1d08096339ee75d6e28327fde662dca5d4ba82ae3551b0
OI7_35fc9c29ed8fb5f6.jpg,train,openimages_v7,https://www.flickr.com/photos/bearmann/4809602663,headphones,1,954f4f92ff53e38ce9c92c281f57325707bd6c3484d796049d05e95da79ced8b
OI7_36a94963587fca6e.jpg,test,openimages_v7,https://www.flickr.com/photos/logan_x/155308351,keyboard,1,38a10501ea4e4f950f8a2f290bc079c9597adde86ab3ba8cb74de5a67bf29ba1
OI7_372757159a192af6.jpg,train,openimages_v7,https://www.flickr.com/photos/salikhov/8701801930,keyboard,1,11422d9abde9a6daaf79530f1c2e8efdb09a93bd19e532cf1da46f2e17a98b49
OI7_376dfa2482e163c5.jpg,train,openimages_v7,https://www.flickr.com/photos/gcfairch/4369207709,headphones,1,3f1434af413219a179e92bca5dca312267a01ed8913d5998f919078b1915be68
OI7_37ce69365718fad7.jpg,train,openimages_v7,https://www.flickr.com/photos/uscgpress/4509518264,laptop,1,5a48996ad8d18aa47e40c3a6eda0044e19c641acbe7358f018523bd6180e6d80
OI7_38203f98ddc7c854.jpg,train,openimages_v7,https://www.flickr.com/photos/53909025@N05/4989487924,headphones,1,5e2ddba6e0f251bb34773658e11efc9d5e53c472481c18a41fe8769441a54021
OI7_38f6dd6638800a15.jpg,val,openimages_v7,https://www.flickr.com/photos/vanf/6289218006,mouse,1,7eeb03218c2b32ba2d6ef69fd9f422a0b1c9c8e30b439f8318f70fbb0b39fee5
OI7_391fffff9889e31e.jpg,train,openimages_v7,https://www.flickr.com/photos/ennahdha/11007189183/,keyboard;laptop,2,826e20c4ba6a636c8e3b04c109fc421ffdad3710945c07a95d8e930239acb72d
OI7_394df68605f8361e.jpg,train,openimages_v7,https://www.flickr.com/photos/gillyberlin/6331364425,headphones,2,e18d83662047f809f0c32a4ce75ac6cb516183307ff089c6b39c01a07e98d65e
OI7_395456e4b8dd6b4e.jpg,train,openimages_v7,https://www.flickr.com/photos/hibino/40039066,keyboard;laptop,2,4d07a6680c432f2bc495cef5abe00be86c0a564836b0891530a7fc70fe7df6b4
OI7_39fa1f59b8d609d7.jpg,train,openimages_v7,https://www.flickr.com/photos/goincase/8359838992,headphones,3,e17ac63291fb9acfdac75156590761d14db62848c962972fd12de83c203cfd7a
OI7_3a7c40e04cae255b.jpg,train,openimages_v7,https://www.flickr.com/photos/martinhoward/6959348770,keyboard,1,6efeba0bd91b01f89a1cbeb4dfae681cd8b4311d13680d4ec23a56d0b17e980c
OI7_3b8bee1b571394ae.jpg,test,openimages_v7,https://www.flickr.com/photos/yanki01/8480752236,headphones,1,bce49f1680c79bb3df03d2dbb25773602840e01825714a5d40e9a09d8c1ccd3e
OI7_3b8ededb02e8c998.jpg,train,openimages_v7,https://www.flickr.com/photos/afropicmusing/16546812655,keyboard,2,8fe920d84b278c61eb8ca1adb6ebd96a72400fa178bae18ef2a29132ff8a0975
OI7_3bb1e3442830880a.jpg,train,openimages_v7,https://www.flickr.com/photos/mitmensch0812/2517996631,mouse,1,832fcfcfef17dd58c089c23746b10f2440ad0d6601f5e0b77a36de4e1bad8f9b
OI7_3c36839f4b54a72e.jpg,train,openimages_v7,https://www.flickr.com/photos/farhan/2412410207,keyboard;laptop,2,521f38b5e6feb2646ba34d21d2bd7c63a0f681062907151a9548b60f4f872dcd
OI7_3d67735b6d377690.jpg,test,openimages_v7,https://www.flickr.com/photos/calharding/6796582283,mouse,2,55c5e6369064cfa83ceb528252c0fae93a50ceacbc228e443c918f791b5c86ed
OI7_3e71a31b6796cf1e.jpg,train,openimages_v7,https://www.flickr.com/photos/fwoclothing/6885002015,headphones,1,61565aaa222ddf9d34952b6953c2cbef9406ba4f7580d5e254e308f7a1fc0aaa
OI7_3ef18d437afa1e76.jpg,train,openimages_v7,https://www.flickr.com/photos/orangeacid/204164003,mouse,1,fe985662bc6f54503620e2dca2396470fdd7d277aeb08818fe2c7bcaba601a45
OI7_3ef9c4e030a413b8.jpg,train,openimages_v7,https://www.flickr.com/photos/fspina/5034379534,mouse,1,b51ee2f3b510c65ef091e596ab383f207df4adea268bd460963faa81e46f12d2
OI7_3fd3fd8840a8d2c8.jpg,val,openimages_v7,https://www.flickr.com/photos/pmailletblogs/10428167126,keyboard;laptop,2,e6d4ccfbf32b3b05c580ddd113c6cebfd15577e8d21bbaa2ba69f57142e31cf8
OI7_3fe8ed3526f70b9b.jpg,train,openimages_v7,https://www.flickr.com/photos/salariyabookhouse/7948541252,headphones,1,565783ceeb158834aa75f647beaca8b87398e7c82f2445685cfd9ce650988b2d
OI7_3feb43a5976cfcb6.jpg,train,openimages_v7,https://www.flickr.com/photos/ykzts/3308737212/,headphones,2,a5de65d3b8c281216c5cebceaa3a784ef3a287101f9e1820b092035c1f885190
OI7_403c0bde381da99d.jpg,val,openimages_v7,https://www.flickr.com/photos/richardmoross/310384382,keyboard;laptop,3,50a6ec53e15bae04e4b0de4d40a6a61ccd03e53dcf07372c5b172d9dbb4cb3da
OI7_4043c9f84f4350b5.jpg,train,openimages_v7,https://www.flickr.com/photos/metal4rock/4428048715,mouse;keyboard,2,52a4116a0c457d32015b2b0f7fa9fdbaea5b62c067c440848226f5cb6937ef91
OI7_4052407c81eded9c.jpg,val,openimages_v7,https://www.flickr.com/photos/dno1967b/18986484254,keyboard;laptop,3,8b6d29abe178419f8435c6db008b4a03a289dacc4fee3ab83c367e9dfc765b49
OI7_40bc03bdddd567c3.jpg,train,openimages_v7,https://www.flickr.com/photos/komenggg/1345357375,headphones,1,8c027b2694459f5ddebdba7feede3f0c3e22fbf18dc36f456a09801f4420942c
OI7_4119f258b3d0c39e.jpg,train,openimages_v7,https://www.flickr.com/photos/fuzzy/5598487576,keyboard,1,5a4f5331c9b6b1b52e934049dbc14383a3362a53cf769c9b8b26a6a1b87513c7
OI7_413d636e3f7a5b1a.jpg,test,openimages_v7,https://www.flickr.com/photos/74385094@N00/4608246942,keyboard;laptop,2,5e8549fc2a385b518492318b1c919b87e16b9b7c1ab54afc8e52d204d93eeae6
OI7_41a9a8de91d605b5.jpg,train,openimages_v7,https://www.flickr.com/photos/gusilu/7769054592,keyboard,1,86a4c216db3a3c233e3edfd130909ee0d11317001c4a0910a183457199e22957
OI7_41fc7a303a5e4bc4.jpg,val,openimages_v7,https://www.flickr.com/photos/mjtmail/4148919286,headphones,1,bab2b261466bc21f8ed1d474b117b3bfd050b5c19fea0f1ead329cc856c7d3b3
OI7_42a15eb0a5b69f15.jpg,train,openimages_v7,https://www.flickr.com/photos/erikjohansson78/3544536344,keyboard;laptop,2,4ea7eb20ed354800743434fd11b6a3de12cfd6adaaf7687c17f8a2197d016317
OI7_432d1e6ea58a59ac.jpg,train,openimages_v7,https://www.flickr.com/photos/brettneilson/239626694,laptop,3,4f943a02be7a4b268ac725461f2e56e7109dca6f3a493476b0339b49541ffd7a
OI7_43780b475de45751.jpg,train,openimages_v7,https://www.flickr.com/photos/rodrigogalindez/265735611,headphones,1,614cf602f64cbcfcb62fc92f37ab65133f35c77ccbeaea122c3d738e501bb67a
OI7_440a2f7b6665c8dc.jpg,train,openimages_v7,https://www.flickr.com/photos/cra1gll0yd/7816715922,mouse,1,adfeb37a5110323cacbbaaf6f8aec66280368325fe852dadf12760877b56aab7
OI7_44bfdd700993cdef.jpg,train,openimages_v7,https://www.flickr.com/photos/closari/4288544663,headphones,1,1063a682b35f3bb191c858c7bf16206519c17bedb8d31765c91928820403f51e
OI7_45069d7de7100c0d.jpg,train,openimages_v7,https://www.flickr.com/photos/mmoscosa/6406526537,mouse,1,487cb97a13c087cf559ef64bffd37f4238823d2f908bb59eafaba6a0d1d20d61
OI7_453129149bc26108.jpg,train,openimages_v7,https://www.flickr.com/photos/felixturner/3358932656,laptop,1,9ffcc8263791c96920015b3419101922388f4bf57fc0946f6056a22325f7bbb8
OI7_456554233f51cb14.jpg,val,openimages_v7,https://www.flickr.com/photos/alexkehr/25389476,headphones,1,91d8649134cc59ad2a98bb5ee69a45843c37715a4358449b75557e2597a3e411
OI7_459459d88a958acb.jpg,train,openimages_v7,https://www.flickr.com/photos/littledebbie11/4082044550,keyboard,1,e31652f5a91599b23ce065a7348b10899bce615b2b250b467a0179ec98b67793
OI7_45b989e9f750e64b.jpg,train,openimages_v7,https://www.flickr.com/photos/cefeida/4708724876,keyboard,1,730df932fb81c864483ab26b9afa88432353be6ef6c14feab1343e9b44733a5f
OI7_46331e014b010231.jpg,train,openimages_v7,https://www.flickr.com/photos/37873897@N06/7984580881,keyboard,1,d702481deb9daad332592160ca10083a44d1fbb1ff6cd670048818db63e9a1c0
OI7_4692c20ea7b56a34.jpg,train,openimages_v7,https://www.flickr.com/photos/tolbxela/4282370961/,mouse,1,63e0397db203f51cd428c2e321dc2948f72470d046fe7b3bb22b4edc78cad84e
OI7_46ffaac97c7ecd82.jpg,train,openimages_v7,https://www.flickr.com/photos/tricksolver/21531207575,keyboard,1,1d1b7237d971e453e1ada1aed0b4ad9adc3192b1f9930c95b79208c63b673550
OI7_49df299b42dace72.jpg,train,openimages_v7,https://www.flickr.com/photos/iontodirel/4386765086/,keyboard;laptop,2,6c6ad0b5f6dcf0a5c947b4af0131ca571d4be252861ec90cd0cba0589cdf444c
OI7_4a59b15a948b3965.jpg,val,openimages_v7,https://www.flickr.com/photos/crazytales562/3075250992,mouse,1,6f744e1cd443e07a9abc5fc5d2a60bc6b69162f5b839ce449e4c1f8f0eaa059e
OI7_4bab8bcfb47b0986.jpg,train,openimages_v7,https://www.flickr.com/photos/rueful/8058845636,mouse,1,1557cf38330b1f94a2fb632903642ad22b29322b11c0d3f17f782d3c6d7fd527
OI7_4c78cd030d7f408a.jpg,train,openimages_v7,https://www.flickr.com/photos/jasonparis/6602298975,keyboard,1,f84c5b4e67d94f720b185e6164da385b69b8d70dd3743010f5d76a6beb27da9d
OI7_4dc1f23946c2d47c.jpg,train,openimages_v7,https://www.flickr.com/photos/francapicc/141486603,mouse,1,b1d354731aefa7bfe245b93501c1934f3a60dc81cc919f0697d89827e0e0ebc8
OI7_4dc6f35409b2df20.jpg,train,openimages_v7,https://www.flickr.com/photos/ankarino/2712455020,keyboard;laptop,3,3748cea18a6aa9436d957b5b36b1b08696fc895da8f71cd2107324d054d2285d
OI7_4dd6d7f661ab5a29.jpg,train,openimages_v7,https://www.flickr.com/photos/acme/2158077575,keyboard;laptop,2,0fd1378a6d2734487041e747527df22d3d5b31876846b4549bc81183551719d0
OI7_4e6d1f0b78b3a56e.jpg,train,openimages_v7,https://www.flickr.com/photos/mac-minimalist/5283832555,mouse,1,ed937073cd95d3741ab63d0ebc65b0521d4bfbc1c3adc5346d9b9c7e9e22f80b
OI7_4ee30f20fd17e8da.jpg,train,openimages_v7,https://www.flickr.com/photos/dakiny/4353300563,keyboard,1,6b52f62880b8c3b8656def1d2545e6ee5a2bb08b0b0086545438c325f71afcfc
OI7_4f514936ece6fc3a.jpg,train,openimages_v7,https://www.flickr.com/photos/magicfab/3950993310,keyboard;laptop,2,3925026bcc575849fa90f181732c47bf25c13fc1f52fba9829906d475836bf34
OI7_4fabd72ee9dc6983.jpg,train,openimages_v7,https://www.flickr.com/photos/jronaldlee/5219863618,headphones,1,378458f446d624c52bdbb60bf1e9c6d8b7e32603c950ecaaa87eabdb8a1ea72e
OI7_5012c81012d56761.jpg,val,openimages_v7,https://www.flickr.com/photos/alicegop/11843948136,keyboard;laptop,2,d11f6f4218e3b9f6e797c767f30462cdfb1ef32a4d22470f5f9b98284a5dca4a
OI7_5038b1b052e34f8d.jpg,train,openimages_v7,https://www.flickr.com/photos/moogan/14921480,laptop,1,7980a9c92f86b71f43017061dbb98752568f4eb677ecd7b4de67fce4fc767b68
OI7_5198c820d3b83737.jpg,val,openimages_v7,https://www.flickr.com/photos/mad_house_photography/4312147898,headphones,1,f0475fa3d85415c57ef9f84e65644c45070e427e9a8ca029de3f06df54baf914
OI7_523fc8459792d811.jpg,train,openimages_v7,https://www.flickr.com/photos/62620004@N03/6932359509,keyboard;laptop,2,d7833c15f41b83e707b0cf176e67fe70b1e1ef71c753d6ea090970fbeda82a43
OI7_528fcc3f588361ee.jpg,train,openimages_v7,https://www.flickr.com/photos/mooglr/5381175348,headphones,1,ca555cba650ceb79bc5007328f5cd15577007909a4b9e38a5bfaeac37f0e5824
OI7_52b7d4f2bf55acfe.jpg,train,openimages_v7,https://www.flickr.com/photos/27620885@N02/3512680754,laptop,2,a3b72f99f8d19cbe0e25559d6a506a447bbecc37edce5a864d57cdd383391007
OI7_53574a190c16d6b8.jpg,train,openimages_v7,https://www.flickr.com/photos/hide10/12529838105,headphones,1,5dcb007a9b2dccc71121acab15acb6ad66607733e9f93250b2b73f20af6d40f3
OI7_5387c89ff13471a3.jpg,train,openimages_v7,https://www.flickr.com/photos/digitalgamemuseum/9233628142,laptop,3,3b37d3cfb7a27de0842c9eb14f59017b629a80df7d360d141f54a51074d6e50d
OI7_53bb6b5aa8f33d1a.jpg,train,openimages_v7,https://www.flickr.com/photos/mrbill/5180814366,keyboard,1,f210c24452a4e15272ba475a2a59a56c332832120dc1bf8ca8ab3b98d28163cc
OI7_5423bfc2695075ac.jpg,train,openimages_v7,https://www.flickr.com/photos/benhosking/5202222015,keyboard,1,4f414a61c38f4ae3c964470124105b154ce4e12b4ae6c7edbb465d311af73832
OI7_548b3e8e3ffafa11.jpg,train,openimages_v7,https://www.flickr.com/photos/chokingsun/6441039807,laptop,1,7dd8746d7c017ee3c6ecac5e846228b7f579c4a23cedf5802400cc8b6166dec7
OI7_57160dd35c949d4a.jpg,train,openimages_v7,https://www.flickr.com/photos/holiday-extras/6399473975,laptop,1,714444fa317d4655293928b89a121a05365f8df068d25401622a47fd99b51805
OI7_571d6b9aecad897b.jpg,train,openimages_v7,https://www.flickr.com/photos/sirmildredpierce/39151761,keyboard,1,10cc2fa025f7216ec5cb48fc025c15eb1f61b8d7d389b0b443cc4ee9d8cb1e14
OI7_5763c18dcc1fa1e4.jpg,train,openimages_v7,https://www.flickr.com/photos/benny_lin/241779680,keyboard,1,3b134c86dfc50dd4161610b1192ac7cee1a6eaed62a66f03b711f33f49bc3d93
OI7_577dd20d0d47b917.jpg,train,openimages_v7,https://www.flickr.com/photos/jtjdt/4817193738,headphones,1,d51a26f48c11cb0b5a3aa1e200dd02ded2790ed08ab09a478fc1923ddb946a51
OI7_58a0c796e16d767e.jpg,test,openimages_v7,https://www.flickr.com/photos/steveganz/3280134110,laptop,1,d900e9a8fbba6881b5a26d52cc11c2a9401f3fe73bcd9537554421bb5dcd4ff2
OI7_58f5cc70f6264226.jpg,train,openimages_v7,https://www.flickr.com/photos/25949441@N02/6693770723,keyboard,1,56144839d604c180b18a4d88f6755dee61888b2106b3d089359d86f67d466382
OI7_596177f964cd3d6a.jpg,test,openimages_v7,https://www.flickr.com/photos/masood/2461732144,headphones,1,15bebce57dc6e74c21c9a58543aa2c90d5b19dcbbfca2a3cd6d70df7c2024765
OI7_5979c88c0717ebfd.jpg,train,openimages_v7,https://www.flickr.com/photos/koganetchi/3870034178,mouse,1,d34af5b3eaf06783b5178a0b32d99faf7d6a5ffad2772a0989f6ce13ae54db7d
OI7_59f46f699d6823de.jpg,train,openimages_v7,https://www.flickr.com/photos/rwkphotography/4064971464,mouse,2,2bfcc3a706ea0f233deac71e7d1aeca43f54f05e2752a66a5ef4f788f589e7f9
OI7_5aadcedd8fedc9f0.jpg,test,openimages_v7,https://www.flickr.com/photos/24931020@N02/8528549142,keyboard,1,9aa7870218c3da7206ec186e943c4db6f7efea89c68e03ec523e07eab69c5f9b
OI7_5b790284a1817c9a.jpg,val,openimages_v7,https://www.flickr.com/photos/m3mo/3099617108,laptop,1,29b7fc7b52dcc02e0d4e3a33fa264f65adbf6235b47a8be512a5f093d13a3cde
OI7_5c809d864b5de8fa.jpg,test,openimages_v7,https://www.flickr.com/photos/128617711@N04/16549536865,keyboard,1,2dfb00baadc15147a134eff9ec994f1290db55fd559cedac9d24bf557b8c5b36
OI7_5cbc14f3dcd8327a.jpg,train,openimages_v7,https://www.flickr.com/photos/126130873@N04/16344687913,laptop,1,20337ea03c76f836d612f5dea28e8296470a815e7c53610588e522a7bae6d088
OI7_5cc7b3dab198d50d.jpg,train,openimages_v7,https://www.flickr.com/photos/shardayyy/7998388473,headphones,1,aeccbfa26a25862cc454a1f425e88df6c8786fa914b4823130a2e3c87f08426e
OI7_5cff1760a36b80e5.jpg,train,openimages_v7,https://www.flickr.com/photos/ummella/3951294206,laptop,1,35ca58cd0a87639716b86323353a83179eb4507297941940a22d4697624da8d7
OI7_5d6599f2914a90e6.jpg,train,openimages_v7,https://www.flickr.com/photos/mccun934/15052439521,keyboard;laptop,2,769b2189d43609024589760aa038a345119a47179a438b09e676703fe07938bc
OI7_5d71d98e6ca58173.jpg,train,openimages_v7,https://www.flickr.com/photos/briansolis/3360990963,keyboard;laptop,2,c710f1ee2b7d09782e848e7dce9cde1fc3e195a5b4ea7fc4fa2c2e4dbf3e04f4
OI7_5dd20dcfad4d13fa.jpg,train,openimages_v7,https://www.flickr.com/photos/hydrolix/515238697,laptop,1,c657ffe8d7e4919707decf30af1be160c78b8073b5d6de9af78e16515a0026d3
OI7_5e829a55d775a599.jpg,train,openimages_v7,https://www.flickr.com/photos/junctions/2937746925,keyboard,1,1aaf726439694c3afa9bd8ccb567c8daa666808e2870d21490483655003fd91b
OI7_5ec36632c7ef2d52.jpg,test,openimages_v7,https://www.flickr.com/photos/lenovosocialmedia/8726182892,keyboard;laptop,2,0dc89bc4f314870c17e9208bdbab7676487b39113e2765e16d6363f81b9b37d2
OI7_5effb0b3793102b7.jpg,train,openimages_v7,https://www.flickr.com/photos/way2go/3592288527,laptop,1,19235e58c76c2eeb39c78099f6fb146fb5fca14d0ef7280bdee0777e7ad6e503
OI7_5f18f24071153425.jpg,train,openimages_v7,https://www.flickr.com/photos/alternativeroute/6968911831,keyboard,1,b9cc9c9195236a35225b2c9e147081943ff39827310d277808170fd6500a9ea5
OI7_5fc55b8ccbbfe4ba.jpg,train,openimages_v7,https://www.flickr.com/photos/erin_costa/6270627379,headphones,1,b0d37ca1f75a940b8ecb266e213083580065e9e1f20cb7e693de0dc844cb1c35
OI7_5fd2be53e962258f.jpg,train,openimages_v7,https://www.flickr.com/photos/martinwcox/8802427694,keyboard;laptop,2,a234b1da7d53b6a84fec51999167d58394471d0047bfa3fdf455ce092e3bb8b7
OI7_6080b176733fc8a1.jpg,train,openimages_v7,https://www.flickr.com/photos/62620004@N03/20357496588,keyboard;laptop,2,8e1325383fe4bfe2f9c274c38d5ff729d2fc3934aa5692a251f00bbfc5d8ccfe
OI7_608d813c31750c8b.jpg,train,openimages_v7,https://www.flickr.com/photos/x1brett/4216228162,mouse,1,07a16d8dafc76b3ef92ea222b73cccff5e79d46be7fe11aeedb0379bdb01193c
OI7_60c4349296d069e7.jpg,train,openimages_v7,https://www.flickr.com/photos/cristiano_betta/2982799566,mouse;keyboard,2,8fefa963eaf30a1ea816cc3b573939159416b71da7f66a4c2a96341fe166e2ec
OI7_61929b2258baf6ef.jpg,train,openimages_v7,https://www.flickr.com/photos/cydcor/20281048920,laptop,4,19a85ec68e19c23e7a9df519f67e66c5ad6826bf53914c5847c8342d0f642052
OI7_61ed3a8e5e1b744a.jpg,train,openimages_v7,https://www.flickr.com/photos/formulaexo/4337617973,headphones,1,634d60e0716783fa4ffedbe111c80e6f9e94e9808232ee0ee5ef7ec8008edd60
OI7_620687ed44f8b686.jpg,train,openimages_v7,https://www.flickr.com/photos/mjhagen/8287089974,keyboard,1,f62eafaf6205eb4b62267c74104645dbb85d665b52f2e590bc173751867eb5fd
OI7_6269f38b8d4ab95d.jpg,train,openimages_v7,https://www.flickr.com/photos/ncmichael2k3/5289982079,keyboard,1,3bcc04fc5b6cba9a68de763519c7346d034e00ffbd4394377fcd6d1d28ec98ba
OI7_62ea443ac4888d11.jpg,train,openimages_v7,https://www.flickr.com/photos/naotakem/108650313,keyboard;laptop,3,81a2a7457e45cdf9bae2a3849878226e764bc071d4be6d4af30dad97f0fb1064
OI7_634b484d793145ba.jpg,train,openimages_v7,https://www.flickr.com/photos/106051019@N03/12298541173,keyboard;laptop,2,0a4ee7a0b2d73bac67279992b0905997b9bd2cb6d65c71b312d277b34ca4f5fd
OI7_651aea199693312d.jpg,val,openimages_v7,https://www.flickr.com/photos/lorn/8869814840,mouse;keyboard,3,46c9c09584775a766adeb319971faaf2432dc9e60433d93b3d1ce4d36a3d81b0
OI7_65312e4ca5a6f947.jpg,train,openimages_v7,https://www.flickr.com/photos/pauldineen/4133666285,mouse,1,f398f1bdcb3614df5d1e5391191ddc324f5689ee9d2b360bdeb1d6716a622aae
OI7_65eb9b425f8a99e1.jpg,train,openimages_v7,https://www.flickr.com/photos/hardwareschotte/8738611278,mouse,1,eaf4c76d51769d980b339761490131050abd150c76d63b795f1a8f976621bbe6
OI7_662790dc7792665d.jpg,train,openimages_v7,https://www.flickr.com/photos/emeryjl/517204107,keyboard,1,dad879a93f13eedb8d37d63c29a68cc22b26a91fa34e70f07d0ff06b508a73bc
OI7_6648410adb1b08cb.jpg,test,openimages_v7,https://www.flickr.com/photos/paul_irish/3656734759,keyboard;laptop,2,72ef9391523a1ca776e05bf4c8a910a0e2d1c902ff44dbc951cc486870b9943f
OI7_673e1e5464b5aa71.jpg,val,openimages_v7,https://www.flickr.com/photos/58936516@N03/5439971645,keyboard,1,66b8972088fb71b74f790d20df40ace73b726088a32b64f0edf5446bad4b5962
OI7_676640538ee682d7.jpg,val,openimages_v7,https://www.flickr.com/photos/68387974@N02/20423098619,keyboard,1,74fd4f7999ffcba82d8a3efca3dcd019f0a45d4fa66d358668f45be0600b51c5
OI7_6769f1922bf5bda7.jpg,val,openimages_v7,https://www.flickr.com/photos/photographingtravis/16855662089,keyboard;laptop,2,8f86bfc69246249fee435868f3040b30f41cc8edad951aca8704922bf5b179b9
OI7_67aa06cda243c64f.jpg,train,openimages_v7,https://www.flickr.com/photos/woovie/5247633944,laptop,1,d2e1c375314a2902cdd2415756f655ad47f76c6034981e929f47e61b4ff26d32
OI7_67c98db8cf15467f.jpg,train,openimages_v7,https://www.flickr.com/photos/sga_se/5827614152,headphones,1,9a3b48801d0fd5301bdc9c03dda23586969a9830c349187e00a51306edfa465d
OI7_6805657a52d30677.jpg,train,openimages_v7,https://www.flickr.com/photos/23907300@N03/11363219744,headphones,1,3c596b276af0cd04d9e4d5265bbddda79726009614cf8751bdd470f0a9ee142f
OI7_69ea275962c314b5.jpg,train,openimages_v7,https://www.flickr.com/photos/rankingfuuta/4439862854,keyboard;laptop,2,ff2edfc7f56f033dcb3ec3dc4a5561bd7959e3cb6c039e51cff01c755fc959e4
OI7_6a1fe72a3212552e.jpg,train,openimages_v7,https://www.flickr.com/photos/creativecommons/271574679,laptop,1,0e3790e7364ae837810273a1400c1dc6cb83fb936d619befa69d59d1a9b89758
OI7_6a9094c620014dca.jpg,train,openimages_v7,https://www.flickr.com/photos/eppofficial/11450163396,headphones,1,e30ca4951188816d65cec9afaf5e0cf51c065b249f4735159fc8cd87f6db92df
OI7_6c2544526e61a41a.jpg,train,openimages_v7,https://www.flickr.com/photos/casek/15195632275,keyboard;laptop,3,e4de12eec355dfb8ce4ef57d26d4576d00028bd88f763e3a3484b88742a5b362
OI7_6d1fb35a6f982bdd.jpg,test,openimages_v7,https://www.flickr.com/photos/rsdio/407498886,keyboard;laptop,2,c75adcd758df84e7707d002ac9de3230d6fdec0c5d0dcd63a521f036969a26ba
OI7_6e12311169bcb24c.jpg,train,openimages_v7,https://www.flickr.com/photos/franciscodelossantos/4909202053,keyboard,1,f81e3127d83bf1e1a7831a03406e5f2235e9abd5780a68cf18884f4a0e0a3eae
OI7_6e1f1d40d59771ec.jpg,train,openimages_v7,https://www.flickr.com/photos/chesterbr/6946429234,keyboard,1,241eedb54ee19d07d06cb9c6efadd76f1b1f689c8b1be0e2401ea8c70b186fb4
OI7_6e222f2fbdd0bef3.jpg,train,openimages_v7,https://www.flickr.com/photos/burnaway/6657496677/,keyboard;laptop,2,3e4f4a3b8b1345410202f28d612cc8a31d34570e9a1076847dee2f770b251138
OI7_6ea37dd2bda43c89.jpg,train,openimages_v7,https://www.flickr.com/photos/fotois/5395730410,mouse,1,514c3f49f671b46e4128f7c6ada5ae5f849b78935c2f31cbd26da07136246737
OI7_6eb03384f25d3f01.jpg,test,openimages_v7,https://www.flickr.com/photos/macjerk/5847970149,headphones,1,930f96c49cafe7407106573f1cc8f9a789f10286fad3f6192fdcb7f4434a4abc
OI7_6f9d7025ca0b3551.jpg,train,openimages_v7,https://www.flickr.com/photos/116675141@N02/12354450183,mouse,1,da4e4e9fda1e04bf6099669abf1142d6ce264d8d6130ca10612f838831738462
OI7_704985f35fc46d76.jpg,val,openimages_v7,https://www.flickr.com/photos/sylvainratton/3038422194,laptop,1,99672c4b16a9a7419ce426ad401dd0114774d0ff5efd1a23f1eabe237ea9bd5f
OI7_716fe06c18c66ded.jpg,train,openimages_v7,https://www.flickr.com/photos/lineapp/16253150626,headphones,2,8e9512c3f03e15a26baf6915bc888a6989825a1bd1a6aaae62642d8b47ec6444
OI7_71cfc418fbbd5ed5.jpg,train,openimages_v7,https://www.flickr.com/photos/girl_named_fred/3856154249,laptop,1,eb999a51db4e361c0d99f81e9d9885f432cd0dc7f0deadd6fa91525682d1e0cc
OI7_72afcb26ce746a0f.jpg,val,openimages_v7,https://www.flickr.com/photos/sora_h/7113070185,headphones,1,48b9b1f9b3b36650e5603a0e6cff720a404f2e6870dd096385f35002341aa311
OI7_74936adc221e0f6e.jpg,train,openimages_v7,https://www.flickr.com/photos/thebarrowboy/6082453497,mouse,1,a49968e8ef28221ee870fd228931ad59f9dc5f67fb420aff2556d8c0f711a41a
OI7_75a4ebd26116c098.jpg,val,openimages_v7,https://www.flickr.com/photos/4f4/15832948543,headphones,1,dd3f38de6ead77e95a5d57611fbd4be111baab54bd18157932c32a24cfa13239
OI7_75ee3538a05ce6e9.jpg,train,openimages_v7,https://www.flickr.com/photos/jabneyhastings/4916095743,headphones,1,26a794a661653fe803172d5062340335a695d84d455bc159f6d98e0777b9a88e
OI7_77959a5faa8067fd.jpg,train,openimages_v7,https://www.flickr.com/photos/_miki/3425262574,keyboard;laptop,2,39d4f9fdedb650f8582873e9f44228f343c1bdc294067152684f572cbe52ee1c
OI7_783295cef3d7264d.jpg,train,openimages_v7,https://www.flickr.com/photos/nachosmooth/15695642494,keyboard,1,c039febe981a2afb0eafd2ceb561deab64b2ef47f7bffa620c885ab01aae260b
OI7_788bcffc9f1f2625.jpg,train,openimages_v7,https://www.flickr.com/photos/bontempscharly/4448197142,keyboard;laptop,2,b4563e45e7c3202331838159f7515235d231a4c4b1eaed5af0563679f8b2e961
OI7_78f4402b5b0277bb.jpg,train,openimages_v7,https://www.flickr.com/photos/agent1994/778866310,keyboard,1,2cf8cda3e579bbdc34136f5d1fd2a03701f6489fe3bb2da3cdb18ca84279460a
OI7_798e136c7712ae9c.jpg,test,openimages_v7,https://www.flickr.com/photos/free-stuff/231384434,laptop,1,2807100ae89c8a90181cd28ac3e3738e851e987b62012620dcf7d47e02ca81f4
OI7_7a20c1b8f81e17e7.jpg,train,openimages_v7,https://www.flickr.com/photos/tedsblog/60581754,keyboard,1,742f0eee90ddf7325419364306fb3b0348d3d26f679505242cc3abe77df8c5a2
OI7_7a2d59287bc751ee.jpg,train,openimages_v7,https://www.flickr.com/photos/steveganz/299014186,mouse,1,2211d395f5990333d65424bf4e2b69673a6b7ff3b7011d9f47c6c7a8257b9b53
OI7_7a4947680999ce76.jpg,train,openimages_v7,https://www.flickr.com/photos/jedimentat/7557190278,headphones,1,fb50a948fbe763bffdc3c63193d62ce710908108d608d07d66242c6959d183fa
OI7_7c1c1c9bc56324d8.jpg,train,openimages_v7,https://www.flickr.com/photos/10473661@N04/8094842188,laptop,1,de86473ad68fa1aa2626b31d80cf8ad9b4e5d1203377a283d5d76243a2e880e1
OI7_7c350ef5d455a59e.jpg,test,openimages_v7,https://www.flickr.com/photos/threeheadedmonkey/3220425756/,keyboard,1,752a5401616222589de47460fe8098e9d05fa2ea1eaae3878ad00e81563e156f
OI7_7c6deb494724965b.jpg,train,openimages_v7,https://www.flickr.com/photos/53993297@N04/11884840515,headphones,1,44af62c3c64fd432937120ad08a7c96be3c3c872b565d5b3424c4a031d16cf71
OI7_7ca4cea45914a82c.jpg,train,openimages_v7,https://www.flickr.com/photos/zenjiro/1650321949,headphones,1,402f21c3b468356ce8b87b5ba25087579276e2a708756eccc0e035e674942dd9
OI7_7cbb92c2094f8da4.jpg,train,openimages_v7,https://www.flickr.com/photos/126080172@N03/14714850068,keyboard,1,2694f51869fbf29a1a0733b81df93c092b26f2fd5aed25153db665cd02b67217
OI7_7cd3bfc8478e60ec.jpg,train,openimages_v7,https://www.flickr.com/photos/potaufeu/4127704196,mouse,1,02ba9cc95822a556be716fc0558c1a1afbf833fd6dd6dca5988b53c44a95382a
OI7_7d492bdddcde164e.jpg,train,openimages_v7,https://www.flickr.com/photos/topgold/4993741649,laptop,1,ab8580cf9895ebb6dcfcac4bd5ab1f62df6ed0615b38e851eeead5808520015a
OI7_7d5f6e99070af3eb.jpg,train,openimages_v7,https://www.flickr.com/photos/michaelpollak/19114253605,mouse;keyboard;laptop,3,e06b238b9efb833fd69bbbd25c1fc7596998e16386496ea1608fcc48dda616c2
OI7_7d683da030f22411.jpg,train,openimages_v7,https://www.flickr.com/photos/trishamanasan/6875638446,mouse,2,d9468006cd250d0150e7335b717799d16e5752d579932bb21649db7ed62b34b6
OI7_7f29156f43bdfd49.jpg,train,openimages_v7,https://www.flickr.com/photos/vintuitive/14523745715,keyboard;laptop,2,fab3044973100130049b6588f330466dcc32c2f701ea32456c02ba0c195a70fa
OI7_7f448ebeb0dd6ab4.jpg,val,openimages_v7,https://www.flickr.com/photos/niftyjapan/16760187505,mouse,1,9e02e3e352ba736c4d1c3a80cd468830eb60f4caa50fc02672e7dcd2a89cc752
OI7_7fa782668c95918d.jpg,train,openimages_v7,https://www.flickr.com/photos/guadalajaracinemafest/5530821324,headphones,1,a52c18bc1741a6d27e4d3e6992f2d8b58cf0238200132f95dd979fcda792e008
OI7_804317fa143f01df.jpg,test,openimages_v7,https://www.flickr.com/photos/26026157@N02/4428878798,mouse,1,492b4197fae525cfd2917e8aa71868ce716cf2ab66bd525abb3df7317454ebd1
OI7_8059c71a9709f2ab.jpg,train,openimages_v7,https://www.flickr.com/photos/gusilu/5342319074,mouse,1,f01245828d91d344307a0105504f1570eeb9982e04df752a632e0011db793a71
OI7_80d186880cf61f2a.jpg,train,openimages_v7,https://www.flickr.com/photos/evanblaser/9912141665,keyboard;laptop,2,39914c6434d649d0a261cdad95d58f7ab20341c7c423c0ded0f3d829bc1c9fbc
OI7_8263d4d4b94cc06f.jpg,train,openimages_v7,https://www.flickr.com/photos/lead_org/16112290056,keyboard;laptop,2,5257091094387317d1aec8035ce3ecb08c81d9beee2be637361d5dc7a66f7133
OI7_82b99f0017f56c8e.jpg,train,openimages_v7,https://www.flickr.com/photos/justinbaeder/2079155571,laptop,1,cbcfb066abe31aacfedcf2e145fe5079f247b25680a359580329c34bbc69769d
OI7_840889f692dd1a0f.jpg,test,openimages_v7,https://www.flickr.com/photos/nemariella/5580319452,headphones,5,c7014a1ac863fb861542aa751986ee7a394e478609c9305691e37c5af183a775
OI7_846b1618b324bd91.jpg,train,openimages_v7,https://www.flickr.com/photos/fire_eyes/4511778238,headphones,1,fe2f1de335b14c2627953ad4d5fc343d0abf0d883aaf885797a8390885b72424
OI7_85b572241d10e14c.jpg,train,openimages_v7,https://www.flickr.com/photos/cristiano_betta/3335317373,mouse,1,28beafcc8264144665a3b32e3f7876d7abda82744edc8e9fc280c40aa2801e13
OI7_86d7028a8d0874e1.jpg,train,openimages_v7,https://www.flickr.com/photos/befuddledsenses/493303884,keyboard,1,00d60619aa7a50ea13a6bc5affd5751eacc24c4a9ec5ae78a605ce16931d2184
OI7_874f4719c5ec6c9d.jpg,train,openimages_v7,https://www.flickr.com/photos/nadeyphotography/9256418877,headphones,1,e59a0fde767c974376686aab8ff07ab6d39221b2e2ee144ce7fbb9f624c55638
OI7_8975f565d52b58c2.jpg,train,openimages_v7,https://www.flickr.com/photos/kjarrett/6875347021,laptop,2,d70ae18a4c75ea5d85a578bf4f52c376568c5ef6a710b6df3365377ac2bf2b22
OI7_89d8c4de1f2f3f07.jpg,train,openimages_v7,https://www.flickr.com/photos/smaedli/7162641806,keyboard;laptop,6,f4410eefcad49d7b2fdfb88bab17647e079e13b8106295ca8eebd4988ac7d00a
OI7_89e7af3608426a80.jpg,train,openimages_v7,https://www.flickr.com/photos/chesterbr/4463362302,laptop,1,470e961ed052b16474396293d79ed83786d0e482c3d3e8515aa3e625da434123
OI7_89e848dd5b3b3bc3.jpg,train,openimages_v7,https://www.flickr.com/photos/seeminglee/8292765405,keyboard,1,4288bdc40e44b03926705fc7bcc6bcb0d616bafa7768aec2a8c30da1c57f358a
OI7_8a0d8f16fad34edc.jpg,train,openimages_v7,https://www.flickr.com/photos/torreic/3168002057,mouse,1,d9d574a1f0fc57f400d984640112b8d21e515a244a7563626b8429cd35124b74
OI7_8a6aa07b964ef29e.jpg,train,openimages_v7,https://www.flickr.com/photos/mackarus/4130659261,laptop,1,5348e4ee410348d81a6acd2303a916f6978cdd2bac201e2ddc641766ac03108e
OI7_8b738c881025fda4.jpg,train,openimages_v7,https://www.flickr.com/photos/xavierwilkinson/7974266013,mouse,2,ce5bdc1b7e791329a6eef1f855a59fd006e7fc7182198f72d83fcae3e0093de3
OI7_8cc10b3985bc8379.jpg,train,openimages_v7,https://www.flickr.com/photos/43651810@N07/4025283840,mouse,1,8c0f346210d9ce7931a14964a7a157670434b20ab111cc0269afb09bb290a381
OI7_8ce355f47f0d1c45.jpg,train,openimages_v7,https://www.flickr.com/photos/zephythor/6200769087,mouse,1,33ca4a26d471a7801094f8e913ac4613348dea79e4d6060c3d5b18c8633c4879
OI7_8d29a3ce8e4e2123.jpg,train,openimages_v7,https://www.flickr.com/photos/vitenskapsmuseet/13427282654,keyboard;laptop,3,55758ed5fb574dc27a3efb268cb0b8a2cab9a0fa9aba3bb1ea9b2a8063ea29ef
OI7_8e40d2df69654ae1.jpg,train,openimages_v7,https://www.flickr.com/photos/j_aroche/607446336,keyboard;laptop,2,05c9acbb39f7868f3989649e5be86093452e03672932f32945deaa39964b8e88
OI7_8e6166bc2a8878b8.jpg,test,openimages_v7,https://www.flickr.com/photos/mzpi/7478946424/,keyboard;laptop,3,35594e97ecae9d50a06ce7415c903c3fbcdbbe79bb1c40300ff8335077967857
OI7_8e9714f21542b375.jpg,train,openimages_v7,https://www.flickr.com/photos/51219817@N04/4777334194,headphones,1,78c0bfa1d25a4ba375ea0bd918490058b24ffa3a2b531282f3af7315c8bc853b
OI7_8f1c64a968fcc347.jpg,train,openimages_v7,https://www.flickr.com/photos/simon_shek/291261827,keyboard;laptop,2,c93548e6ce74ed746c2701a74257dc6fc7434227e7f4a225df3d74cd4ae8c387
OI7_914617aee0e735d4.jpg,train,openimages_v7,https://www.flickr.com/photos/hunter0405/5701768148,mouse,1,66fc79878c911d717f913d8da3d2578f56c1acdaeaca90e30b3526cb548f8db5
OI7_9150e6e535b5c9eb.jpg,train,openimages_v7,https://www.flickr.com/photos/bigyahu/6255758512,headphones,1,d3c5cf473a1db7687f12dd3aad18dd90cef7bbf8a5a14347c8bfc6505239d7ae
OI7_9213e3b35c59e60f.jpg,train,openimages_v7,https://www.flickr.com/photos/sandervanderheide/438460116,headphones,1,a9745b670a6c0cab7241e92e13c2d89ee0947fe6a1dbaed6ef1502c39e0bbe84
OI7_924d5831b44e7864.jpg,train,openimages_v7,https://www.flickr.com/photos/codevasf/16963543847,laptop,1,80ec255f6a21a62b973543a7833425c6d3c48ee03c3098f8089a6f5604c6a05b
OI7_9346a9d65bc8c27d.jpg,train,openimages_v7,https://www.flickr.com/photos/aaronpk/5471135165,laptop,1,dcba35b98aa85e6834f54c21975cf9db192a9d1f277b7394e1e81311fe3abb2f
OI7_9371618b026b7909.jpg,train,openimages_v7,https://www.flickr.com/photos/frederic_bonchoux/4416812611,headphones,1,c7b4a9c2b9ffa5739b04e0b353711b59208cc612e0fc00fbf1e640e94e70fb18
OI7_93cd5c03afd22538.jpg,train,openimages_v7,https://www.flickr.com/photos/dougbelshaw/5215038580,laptop,1,d4fd8065aaa72b2e67532edf6f33442737134e47ee0c006f696fa1d6dc75e882
OI7_94c4d5dcb54495d0.jpg,train,openimages_v7,https://www.flickr.com/photos/hsabetto/8264382150,keyboard;laptop,2,090b2f44199077d89bdd4af65c691a87a1df163fd0efd22f2fdb49ed53a8acce
OI7_953fc86eafa65441.jpg,train,openimages_v7,https://www.flickr.com/photos/timjoyfamily/4389940638,keyboard,1,06cbf516f5549989ed39d94e9a49ac23fd406333e4ae2560d0e76b4e75e10605
OI7_954cd52679d0c86f.jpg,val,openimages_v7,https://www.flickr.com/photos/dragontomato/3451368520,mouse,1,b0a244a923ddbcb30dec5e746abc48b7e5cd6065ad8ac1acb0030860ce8dfd77
OI7_9560082fdd029217.jpg,train,openimages_v7,https://www.flickr.com/photos/chenshaoju/4203149644,keyboard;laptop,2,487c8e94e45e7faae741d2905fd827a61bb0940d6f1df19b91424105f2c6dbb9
OI7_9570e0d6d77386cc.jpg,train,openimages_v7,https://www.flickr.com/photos/31068346@N05/14920460348,keyboard,1,202aacd5420f1bcfe45af8ab071f5ca686c97cea6f30d20143845c239faaf4bc
OI7_97f77c9d556c4034.jpg,test,openimages_v7,https://www.flickr.com/photos/jessicamullen/4968920510,keyboard,1,5aaeadef6e632044ab524c86f22e9fc67669b73d90d14f2b163ef557860775ca
OI7_98cb79f97d467997.jpg,train,openimages_v7,https://www.flickr.com/photos/suzanneandsimon/3453188844,keyboard,2,5fd8620600825b2edeeb69e284ec1221af07fa0b7cf1aa88936c19ec087cd8f6
OI7_9920919c9507942e.jpg,train,openimages_v7,https://www.flickr.com/photos/-marlith-/2913343445/,mouse,1,65365696629d440f2776cfcf38bca0e2c2be8fc9e35152aed032421e882c5d7b
OI7_99c0e099a9245b8a.jpg,train,openimages_v7,https://www.flickr.com/photos/28208534@N07/4461393622,keyboard,1,cbe79be2c0c71206eddcc302c96ea8b785eb091dd1775e33fcc773447dd339eb
OI7_9b010d0128f888e7.jpg,train,openimages_v7,https://www.flickr.com/photos/79614402@N07/7359727194,laptop,7,fcb01372c6233b61a4e8233c6b6413d2d776138f97b8c5c4c3ceaf1609ed617f
OI7_9b2773fe0f808238.jpg,val,openimages_v7,https://www.flickr.com/photos/dsifry/2773358945,keyboard;laptop,2,ee38a07ea35064bb489ee6ba6a1d3d6900f2ab2ec41f3c2aa702bcf4eaef693e
OI7_9b31daefad6eb607.jpg,train,openimages_v7,https://www.flickr.com/photos/ilmanakbar/13531949855,keyboard;laptop,2,620ba680754a7e59551cf9d3de61b9659e641ee8650eeaa36cb9a23c36bd2943
OI7_9c234cbdd060a65c.jpg,train,openimages_v7,https://www.flickr.com/photos/fshin/4654368711,keyboard;laptop,2,409db405303f4a2d6266872f4aa9e91b304eb231588b64bd1aaa59ade49fc244
OI7_9cc18a4061df7f79.jpg,train,openimages_v7,https://www.flickr.com/photos/bruceclay/4669353601,laptop,1,d104d381fdc1b19aec305a500a09c21000607ec9f0dd9d52916c9523b948c6f8
OI7_9d2f633d127b9778.jpg,train,openimages_v7,https://www.flickr.com/photos/mattlucht/6008482283,laptop,2,62be6d57c03858fcb3750305226bc25266702f8c8ef78a17fa8947218b57f3b2
OI7_9dcbc4203a91db24.jpg,train,openimages_v7,https://www.flickr.com/photos/flavouz/251877786,keyboard;laptop,2,9654cee9dec940c9e98b547cb7e01c6bf86959ef5d94f5ce7cccd65b108fd225
OI7_9dd01e12ff69a9a2.jpg,val,openimages_v7,https://www.flickr.com/photos/codepo8/2282922467,keyboard,1,77a5114a6da0e24debb41c211210816dd99d2d7bd318b696eb60b7466eed701a
OI7_9ff2b91c4f6885d1.jpg,train,openimages_v7,https://www.flickr.com/photos/rosenfeldmedia/3261620660,keyboard,1,cc302f1abb190ceef85c7aaae559ac52c1ad52970c2b82750798fb0a26035198
OI7_a200cb8633527837.jpg,train,openimages_v7,https://www.flickr.com/photos/danbri/299524038,laptop,1,e310e6e63b0740d8f802c4efd230527cf6e4ee76be98e3db814eaa00fa2d4bc3
OI7_a26b928945b612fc.jpg,train,openimages_v7,https://www.flickr.com/photos/9009139@N08/2055979475,keyboard,1,4982ce42309142cda09563df1363b5c55674656779541f1b6cd4d915dea72e23
OI7_a2eabd2fec40d78c.jpg,train,openimages_v7,https://www.flickr.com/photos/wearesocial/12111832416,keyboard;laptop,3,1970a93554d23290cbca26d659746b99815590ae6b389de7be1707f307f66e88
OI7_a3058c5862bfd349.jpg,train,openimages_v7,https://www.flickr.com/photos/68653479@N07/6243439339,headphones,1,6cb80e820d01cb2bad5b20b344216282b99a5081283617c70553bf41863056a9
OI7_a3b0084de0f643d5.jpg,train,openimages_v7,https://www.flickr.com/photos/mackarus/4130658281,keyboard;laptop,2,66457ae863e106f12c637a10a75a9d11eccc207b87597854df67ab60909d0457
OI7_a43934f16b2db997.jpg,train,openimages_v7,https://www.flickr.com/photos/126850594@N06/14714826367,keyboard,1,56d81da0a65095d6f3c5e104736e6291c1ed30f4a0b7624c9660275a2a2ffbf2
OI7_a4a7c43a5c999635.jpg,train,openimages_v7,https://www.flickr.com/photos/14519665@N05/11357158515/,keyboard;laptop,2,cc49a658460e9bb57108a24350ed54f8dc9b6882b5121b88db81550db2cec739
OI7_a541e5c0ed4d239a.jpg,train,openimages_v7,https://www.flickr.com/photos/duckie/4845144,keyboard,1,b2901f5cec5da0488540a03cd9fdc0f224f3ae5c993693c90931fd39c5b7243b
OI7_a5bf08c72857c68b.jpg,train,openimages_v7,https://www.flickr.com/photos/mcfe/18521653681,mouse,1,46a10ffd6719ec72bba6829b161573e7e346a56d153106027b6bd1a73c1b30a0
OI7_a68e26ddd7993b4c.jpg,train,openimages_v7,https://www.flickr.com/photos/62459458@N08/8619084296,headphones,1,721d050f216968135ab542aa8abc0b2856f706aa274c3d0a57e76f99f34ebf24
OI7_a74744b3e8f4a6e4.jpg,train,openimages_v7,https://www.flickr.com/photos/seeminglee/8246110921,keyboard,2,4a521d123f4988559756b987dd560b4ee47d1eac33a3e685cb965cf05c5fd0df
OI7_a75e877e3088ad70.jpg,train,openimages_v7,https://www.flickr.com/photos/trevrodriguez/16329133363,mouse,1,8089a7a12a61cbcb605a2e09c9d30d1a9dd938f5e31600923ddd86bc94b560f5
OI7_a7dcb4f8bd5289fa.jpg,train,openimages_v7,https://www.flickr.com/photos/airboy123/11181506916,laptop,1,a2b993d87f867178889e0f0ea2524b79acf17dd51760d2db2510f08683a67416
OI7_a92b74510c76c62e.jpg,test,openimages_v7,https://www.flickr.com/photos/ihub/15454461217,laptop,2,8e6ec2dedb975fd805c383341c73215cb9119387d4d608987bfd5327c1e70f63
OI7_a9fb5a9767bb7bd3.jpg,train,openimages_v7,https://www.flickr.com/photos/scratchedteam/7766947294,keyboard;laptop,5,d438f32c64d031ef85827e20a2aa53d1da09c523ffbebb34a1d8051399785f71
OI7_aa51976e75f89c18.jpg,train,openimages_v7,https://www.flickr.com/photos/cristiano_betta/398813190,laptop,1,c40ce23f0f51f2c4e2d44f2d9128af9b426caeef7288fd77e173a7bdd91a75ee
OI7_aaf1d90e5b50e9ee.jpg,train,openimages_v7,https://www.flickr.com/photos/mseckington/8017671855,headphones,1,188c2a3b990a363934a5d6a66fe94fc80e3d20dcf9fab8266cb5a520cba7bda3
OI7_ab3b34535ddc2889.jpg,test,openimages_v7,https://www.flickr.com/photos/cr03/6664527653,keyboard;laptop,3,107171b43c833288d169c849e195082dbf1ef60f6564314075bbc91e98fc6643
OI7_ac7d90042051e430.jpg,train,openimages_v7,https://www.flickr.com/photos/kengz/142688867,laptop,1,932c49b61cd5b9634eaefbb599b033270a38db6f0dcfeca38a2fc876e646345b
OI7_acb9019c9ae6c5ea.jpg,val,openimages_v7,https://www.flickr.com/photos/126089327@N04/14714880858,keyboard,1,bce315a6b9584de3f685b496f1a3286323ba32834bad45d3b0632817264da326
OI7_ad7048596f0e7a5f.jpg,train,openimages_v7,https://www.flickr.com/photos/sixteenmilesofstring/2756799158,mouse;keyboard;laptop,5,4f32039c3da8fb8d36d8736390a7fc9673027ea9f514181e46ff21dfb741255b
OI7_ad75921a97044841.jpg,train,openimages_v7,https://www.flickr.com/photos/fufuwolf/8345201655,keyboard,1,f61d825f9761daf60a4275f63959f2f6c587e35686a73113efbb150f720ea6dd
OI7_aee91538db69585e.jpg,train,openimages_v7,https://www.flickr.com/photos/haritsu/2575488042,keyboard;laptop,2,7e546b3eb4752aa1983980390bdf112c015078eea9b893d69a9aad0b37862746
OI7_aefbe8e355b22942.jpg,train,openimages_v7,https://www.flickr.com/photos/stephanridgway/259297942,headphones,1,e606c6e241c45f14857c1a2b72701893bbcaafb4cc7aff052641fe58cfb86f34
OI7_af1af3062d04c7b6.jpg,train,openimages_v7,https://www.flickr.com/photos/116436808@N06/12311308474,mouse,1,5905984ab36cfbbf10c88bf3e6a2102044235d57e550cd1831baf42ff2226122
OI7_afb1f38678e2f2f8.jpg,train,openimages_v7,https://www.flickr.com/photos/seanfx/4844985289,headphones,1,9a7c7972695749290bae281ff5cd942621da5fb28dc18bcaa496476245ab6840
OI7_b033c3642fc4e9cd.jpg,train,openimages_v7,https://www.flickr.com/photos/williambrawley/4059304131,mouse,1,259add1376435d3c23a2192352e182184ce9e4d7507333f66f8d89f7c2da36e7
OI7_b095c8620e7070f4.jpg,train,openimages_v7,https://www.flickr.com/photos/davidfarrell/3915906934,keyboard,1,203d1f015575dcf3a034766c77bcc3b655c9e28eaf62ff8b14d663cafab48ea9
OI7_b1072d33aeb8faf9.jpg,val,openimages_v7,https://www.flickr.com/photos/rdmarsh/19468072331,mouse,1,412c56d85709fc8f483dc87640c7c22b82ebd5773f894588d1a5cdcd9e07b26c
OI7_b11020cb97799473.jpg,train,openimages_v7,https://www.flickr.com/photos/siliconmaniacs/6230604866,laptop,1,6df3a1c4e1e89f518d7baa6755ad04d81d2403cb1691e6046af6ba39d91cd10d
OI7_b12f34cab3a5402d.jpg,val,openimages_v7,https://www.flickr.com/photos/ipasadelaide/14610450205,keyboard,1,f62f9cc7a42c17ef4b834cca31455866d33cd60f7764702cadcd4cf6643bd9b3
OI7_b1f032a635da8e2c.jpg,train,openimages_v7,https://www.flickr.com/photos/irwandy/8446718576,keyboard;laptop,2,01e29817f157ef97b8b3022880a2f35f79b39908873f694da67afdbccfbe6b1d
OI7_b2c56dfafde0b51f.jpg,train,openimages_v7,https://www.flickr.com/photos/davekobrehel/8720050452,headphones,1,9d80d7142bebe21792ec57652dc1b11417e9136bef59411fc45aeecf4babfcea
OI7_b374590ddd32cf87.jpg,train,openimages_v7,https://www.flickr.com/photos/suddhasatwa_bhaumik/4972111657,keyboard;laptop,2,3c58803534e8dd6cf2a880ed36e1c377f8ca95de4ddbfe7306d26894cbd7e78d
OI7_b50920f20379d688.jpg,train,openimages_v7,https://www.flickr.com/photos/frontiersofinteraction/7075881921,laptop,1,11fa1f1dbc231e7a955d3330f7183c2bb07b8653fddba8aa8c31c9973734b42b
OI7_b5108b5b47b42463.jpg,train,openimages_v7,https://www.flickr.com/photos/asimzb/5346304924,headphones,1,c97aab9ccfc3dd6c930afee2cab6c0283d649eea9a7d51c7c912d1d401c837e8
OI7_b663492318c1a762.jpg,train,openimages_v7,https://www.flickr.com/photos/ykzts/4258562706,keyboard;laptop,2,917f5bff5171e749c88631776dc69cd4b4fd0494c69e96bd7c0d0db0a35f6c8c
OI7_b68161410a5628ad.jpg,train,openimages_v7,https://www.flickr.com/photos/123564336@N03/13944359995,keyboard,1,81d9faa7caf03bb72d9cb7ec8a2f5b0c914394965b1e3f51036e53d185c7623b
OI7_b6904c440071e732.jpg,train,openimages_v7,https://www.flickr.com/photos/brownpau/6989521172,keyboard;laptop,4,36846c05a0b5ea58daeae7f424387c9217f22b63b6300c678bec013c2d4be136
OI7_b7b19639afed609d.jpg,test,openimages_v7,https://www.flickr.com/photos/matthew_solle/4533410055,laptop,1,9af50ac693dad0ba234fad14840c9c5d5038e93ce8d62cf693b83dcb42b7141a
OI7_b9dd621242d032bc.jpg,train,openimages_v7,https://www.flickr.com/photos/majornelson/437165209,headphones,1,1689e143e7b2e6b948459ed060f126c25d37a69e4a62b860354c4b4f9324c9c5
OI7_b9f301f5f569bd64.jpg,train,openimages_v7,https://www.flickr.com/photos/perkovich/14503860227,headphones,1,b63042d41090e1c1c177850e0d9c4628eb353b8c720b04c840ec6e907be437da
OI7_ba09ac37a53b0a4b.jpg,train,openimages_v7,https://www.flickr.com/photos/tonyaustin/3306552070,mouse;keyboard,2,c329c32dcf880caac7f15709df39e6b14afc8fa812968f222e085fbf926a866b
OI7_ba69b670c1d9ab59.jpg,train,openimages_v7,https://www.flickr.com/photos/nitot/5333559066,laptop,1,014ce511886bf40040ad5142a67236301a544920e5cb5ce5ec26b1f1748cff5c
OI7_bb582e2e13d737d9.jpg,train,openimages_v7,https://www.flickr.com/photos/whitefield_d/5960693025,keyboard;laptop,2,841ec2ab0e25ac2a1bbbf5eaefaee25c380ed44dc84beafb00e464134cc916a6
OI7_bb8d86c7a7e02093.jpg,train,openimages_v7,https://www.flickr.com/photos/79579651@N06/7660675526,mouse,1,70db74bfee7aae6405615e107e9185b8cd0e143eee56861ef40360658ba748d9
OI7_bcfa0c7ce176f096.jpg,train,openimages_v7,https://www.flickr.com/photos/microsiervos/20335112139,keyboard,1,cde9b69811bdc919d76b96ce05f2885cc80146a8ba765e03adb0d49176a027a9
OI7_bd3c645a72b90dc3.jpg,train,openimages_v7,https://www.flickr.com/photos/126837715@N03/14714701590,mouse,1,2defa1159a72833726ba4bb909a2cf8438a1925a440148600fe9780041134acf
OI7_be96346af6d930ef.jpg,train,openimages_v7,https://www.flickr.com/photos/josewshots/4913290672,mouse,1,47ecd69074e83f8097480453f65b6659ef56f833fc7f13c2588cf11b418ed80e
OI7_bf34592f3f13543f.jpg,train,openimages_v7,https://www.flickr.com/photos/julioenriquez/2805419694,laptop,1,e9f39e5c3d01d09e337ab83b8ffb2be320d260c6595e27618c397cd9f5a180e7
OI7_bfbf54bb17188d89.jpg,train,openimages_v7,https://www.flickr.com/photos/photographybyobi/8092893694,headphones,1,03f0ff3d755a5ffba1f60efa5bf947df97dce51884dbc3196856d5a4d85859b7
OI7_bfc0ce182c289c0f.jpg,test,openimages_v7,https://www.flickr.com/photos/shokai/3725439575,mouse,1,2a7831cdeadb50416e0a40cf789528a5729e26f52799342f8ceff13189fc50b9
OI7_c1352c20757a8be1.jpg,val,openimages_v7,https://www.flickr.com/photos/masahiko/2621118565,headphones,1,427aa0eb8e59726349ab2ca428a5dbc76fb5752e875e038340496feaa9f276a4
OI7_c257c1aeda3e34e3.jpg,train,openimages_v7,https://www.flickr.com/photos/mbtrama/5365464923/,keyboard;laptop,2,86d643666c48e2ab52c09334281bb3edf859c8aa0dee9124f8f70b9ed70cc09a
OI7_c26ad315ef35d78a.jpg,train,openimages_v7,https://www.flickr.com/photos/magnusjonasson/8915717000,headphones,1,af0c7c179e5efaafb7af58fc70d6f090c4441daceb7457b76076d64a6c6f9657
OI7_c28008013ec7db59.jpg,train,openimages_v7,https://www.flickr.com/photos/jasongraham99/17065647800,mouse,1,9276233c8d091c9dd4f3fedfa10fa8492f86df949fb783231c40c9c5a1a00a83
OI7_c2f81a85fe3a18d7.jpg,train,openimages_v7,https://www.flickr.com/photos/fusen/2473614041,keyboard,1,5ccdd2fce4b0d7dcf7eb792fa62852286b011f4536d84e345f42fe4a62306139
OI7_c33cf573a6d16e7d.jpg,train,openimages_v7,https://www.flickr.com/photos/raphaelstrada/352063092,keyboard;headphones,2,450144636491106babaa9b2c78f946359b8a9cb3287f686f128ddf0f374616fd
OI7_c376d8093e434238.jpg,train,openimages_v7,https://www.flickr.com/photos/bensutherland/317052448,keyboard,1,7e8c0f1099944e50d80f25ce5ec67e7fdd2c97d86291f5480e84634f0c7b744f
OI7_c40f3e6ddd386258.jpg,train,openimages_v7,https://www.flickr.com/photos/kevinsteinhardt/6889260618,keyboard;headphones,2,35865dbfac93983f878e7cf633380a177f84eed3e188acd0b22311f79bd62aa5
OI7_c432eaa1c9288ab7.jpg,train,openimages_v7,https://www.flickr.com/photos/sigwyg20/1403422538,headphones,1,d1c5c32f8fbf06e74b0850580fcb39c03909020c5f5af8abe5005eec918b3bd7
OI7_c44cc7cf8c81d70f.jpg,train,openimages_v7,https://www.flickr.com/photos/26287972@N06/3807627188,keyboard,1,d7132b28c00a5c14e92ddcb2c1d369111a4982c902ed2e483e02fb1e46f40caf
OI7_c50313ec973c3024.jpg,train,openimages_v7,https://www.flickr.com/photos/vuarnet/15515624786,headphones,1,fcb47c04ac31ae53eb74550afc83175f370190447a7fc64c5e705021b7c23fdf
OI7_c565b2690c3af6a7.jpg,train,openimages_v7,https://www.flickr.com/photos/kwinkunks/9890061173,laptop,3,1fd03cf64b143a507b8a226a7113d08a13a482aab58bc4201443205982962208
OI7_c5bef209174e79c4.jpg,train,openimages_v7,https://www.flickr.com/photos/fifikins/14470600386,keyboard;laptop,2,9c98408dac5a567496e090decb4d17d166391b537a3b861dd72c5852673220bf
OI7_c680b4e4095625e7.jpg,train,openimages_v7,https://www.flickr.com/photos/edans/8261427175,keyboard,1,43b376767bf26f46a20c66ec333d9161c29b6b85ceb028b0652bbd139c622335
OI7_c758ccafa1e7b42b.jpg,train,openimages_v7,https://www.flickr.com/photos/thetechbuzz/8543526480,keyboard;laptop,2,9975c49015ccc1b41f06d2326b6471bb0121ad5bcbc4dc04fcec92c1b8effd94
OI7_c7849e47a699da45.jpg,val,openimages_v7,https://www.flickr.com/photos/nikonvscanon/715473620,headphones,1,f1ccdf2892cec16d0409970e30f0ada9f72c20681f8b5bd3de67e6e7dc39fdde
OI7_c7b7835dc3312e44.jpg,val,openimages_v7,https://www.flickr.com/photos/ddohler/11878378,keyboard;laptop,2,70d17b7ff6042b183d133cd4b351ebe021b37376bc6ce992a5a93b6b80723148
OI7_c862df01b724f924.jpg,train,openimages_v7,https://www.flickr.com/photos/vernieman/8149994626,keyboard,4,61a3cce3b16b3185c8839260f5eb7790cf160256a0f206531e0a27899b412c0e
OI7_c9624f343f44f25c.jpg,train,openimages_v7,https://www.flickr.com/photos/126080240@N07/14725233489,keyboard,1,8afd28985fc0032b54659fda1744fc56d02d392dd7d2fe83703fd364b30cf034
OI7_c994f8bce253c2eb.jpg,train,openimages_v7,https://www.flickr.com/photos/rileyroxx/100921370,keyboard,1,859f999d26d1358f1db0a7ccb1bb38a3e422692d70052d681ad6c09d4cac6358
OI7_c9cd9bde714ef6a9.jpg,train,openimages_v7,https://www.flickr.com/photos/7958516@N06/2739353121,keyboard,1,5baf3d961843890e487a0c18e87aa366ef3f79b0d3a69219b55040167d3eacd7
OI7_c9f0916f109271e0.jpg,train,openimages_v7,https://www.flickr.com/photos/61958348@N03/5638514560,keyboard,1,8bb0e7ee7c16aca4fea0330721c7827d83ac4c48232fc45de4b9bde512c206f1
OI7_cabd41010f4d6815.jpg,train,openimages_v7,https://www.flickr.com/photos/india_7/14165309918,laptop,1,6b32431c59090f95a77a4adc6748660e19e5fa0fa964f46c7a8e99d9b887829f
OI7_cb2254f4929f880b.jpg,train,openimages_v7,https://www.flickr.com/photos/zappowbang/2048548847,keyboard,1,b4f766cc5886c96ee361262c1ff0a6a86c102184f826891488af8a48c123d90a
OI7_cb85672f60288c87.jpg,test,openimages_v7,https://www.flickr.com/photos/trochej/707652697,keyboard;laptop,2,5454127ff16718eb1ae5be18eaefbfa799d5a82cbcc40f12a0802532f2a49394
OI7_cc0e4ea56887b0ea.jpg,train,openimages_v7,https://www.flickr.com/photos/garycycles8/9193032961,keyboard;laptop,2,69950c362c36d71ca80bf195e13cadbcfe4f297021c2a1ab7d1c7f9ff7e64c12
OI7_ccb79683381d945f.jpg,train,openimages_v7,https://www.flickr.com/photos/yahooyodelstudio/4015628746,laptop,1,c38c723587cc696fa540f311bf8f256c98956a2a2ec06679396d4aee4f7f4201
OI7_ce81d389288c5a2c.jpg,train,openimages_v7,https://www.flickr.com/photos/--mike--/4665631231,keyboard;laptop,3,ad3ad89c503f29baea49f2822f64bd5fea3b5fd0a2dc2dbd165228e415f2d906
OI7_cf1957579e06c22c.jpg,train,openimages_v7,https://www.flickr.com/photos/gillyberlin/4652934615,laptop,1,d662282c97c9df9377dc9459b4b54412463d1ca1bd437b9630287cdefaa96508
OI7_cf52d4e5aaab1bc7.jpg,test,openimages_v7,https://www.flickr.com/photos/jordanfischer/2506490693,laptop,1,74f7e2b16fbd9ac4f997f7177a6a937ee01b12a3e71ace57d6156eca6ae58751
OI7_cf96b3b874e7d583.jpg,val,openimages_v7,https://www.flickr.com/photos/j_aroche/773784695,mouse,1,209b461191a7886ca97caecaae342b835882c7245456efbf25791999bfd4d0bf
OI7_d0ab5c26edcd75df.jpg,val,openimages_v7,https://www.flickr.com/photos/hombit/4801761309,laptop,1,24e4ed28b91b04f68fdef09bcc9788cd8738a807cb5899940cbc9db0c6be56ff
OI7_d3eec9233485ab6c.jpg,test,openimages_v7,https://www.flickr.com/photos/clanlife/396234876,laptop,1,3de5f174f39df47357c950b0e21d5085dba15d5dade85e1a15bacb1bbce93bd0
OI7_d49126af990e11ae.jpg,test,openimages_v7,https://www.flickr.com/photos/robertnelson/2070830961,laptop,1,4319f6891cd5b4b78c9baff3602322c9508fde9d7bd42195eefafa23464bf2d4
OI7_d4f433707045197d.jpg,train,openimages_v7,https://www.flickr.com/photos/wasteofspace/4436007684,mouse,1,4d9738b7f0eb8017ad4fd82a545be05376c926e4828b38b2164fe02a52cf8f7c
OI7_d504e316b3acf8a5.jpg,train,openimages_v7,https://www.flickr.com/photos/97699489@N00/5411451481,mouse;keyboard;laptop,3,ed69ba2b4cb1a6527ee918d106e285cde1c936376e0859dbb3d85d614c10b71c
OI7_d5686e87d32dfee1.jpg,train,openimages_v7,https://www.flickr.com/photos/wildtexas/4731057782,keyboard,1,0372533f8a4aaf340b5578a54feabd98effc81a4f7d9be99bd865cb24e3943b7
OI7_d5731f0ba304e13a.jpg,train,openimages_v7,https://www.flickr.com/photos/beau/334326790,laptop,1,f544ca796dda3ab75577154adda6716869eec9af5a120768678abd0adbb89005
OI7_d59a93bc127464ad.jpg,train,openimages_v7,https://www.flickr.com/photos/22711505@N05/7685929660,laptop,1,731edded0cdbc68dcd78cf204676ad3b827697b488a638522c43dbe958dcca29
OI7_d7bdde0ccf91fef5.jpg,train,openimages_v7,https://www.flickr.com/photos/mujitra/5400238727,keyboard,1,e104ceda652fbdfa527ed085ed830628b56b9e2f9a98ada37444de194598c069
OI7_d824d0ff84462029.jpg,train,openimages_v7,https://www.flickr.com/photos/x1brett/5912155000,headphones,1,bb5c82df39b3924cd573c3c0e8b608a0778539250490eee3254e82db952d7098
OI7_d8a7f456f889c71e.jpg,train,openimages_v7,https://www.flickr.com/photos/jordandeloach/5721012900,keyboard;laptop,2,3f958bf137139cfcab3ed00267f981940fb8d99b276813d233fdce8635d090ab
OI7_d8f1783c5e99de8e.jpg,train,openimages_v7,https://www.flickr.com/photos/31297289@N02/2956876349,keyboard,1,52999a3e5bdddf4266aba65094f36e628d1934d162969a8fe7326d1771c44a9e
OI7_da264d5601673774.jpg,train,openimages_v7,https://www.flickr.com/photos/thegabec/18790105579,headphones,1,481c64fe81f033af242b71e9d03f21cbc48248cabae86658919e7e2aff634d2a
OI7_da8da60dbf1f44e9.jpg,train,openimages_v7,https://www.flickr.com/photos/angusf/2333650827,laptop,1,c0eb74a9a0feb638eeb679cffab83d2b6d6477304d341689e657ae41247101d0
OI7_da92a3734c9db487.jpg,train,openimages_v7,https://www.flickr.com/photos/37651136@N05/5637077256,keyboard;laptop,2,7cb4bc6958c386751e1779b2ad8f21eeb887db4ceb5ed8467bc89e4d0c1b527e
OI7_dabdbedf43ac5327.jpg,train,openimages_v7,https://www.flickr.com/photos/cra1gll0yd/7816835142,keyboard;laptop,2,be583659318de71c4ee28d96c681ef2bb296f776af2bf3ba3a2244e145e3c1bf
OI7_dad18196a8edb853.jpg,train,openimages_v7,https://www.flickr.com/photos/bizz0k0/3263799176,keyboard,1,c3a7df009d035f83da3242aa7aa82dec835c0ddc18dc5172a55e57ea8072026d
OI7_dca9923a8de941ad.jpg,val,openimages_v7,https://www.flickr.com/photos/pvera/18271875,laptop,1,0db1f243a56020611003d4bb113d6915d2595ff3fec3a402c4e936b6d84ca580
OI7_dd857d731854cdbd.jpg,train,openimages_v7,https://www.flickr.com/photos/sakadon/2258620992,laptop,1,6d188d6ee390c75dd771afd2e7cde2cc1a97f11f26fc61d1d858c671c69f2025
OI7_dd878b1089326be1.jpg,train,openimages_v7,https://www.flickr.com/photos/11872189@N00/4916137611,mouse,1,a8ac05d94b4aaa418f20a621925e267f21e6f6a3318c362f77bb77906cb2ca3e
OI7_dddc95ee2959d5be.jpg,train,openimages_v7,https://www.flickr.com/photos/namho/3760629348,laptop,1,eefed20400db308e0863025f403e892e303c943067ede4b566e6aebea03338cb
OI7_de268e8da9b7d714.jpg,train,openimages_v7,https://www.flickr.com/photos/dragontomato/5142998269,keyboard,1,cdd22afe22d41c984919def30a8da30dac8dd0efb6df095ef914b65c976e8b72
OI7_de2f2a51c82273bb.jpg,train,openimages_v7,https://www.flickr.com/photos/34233222@N05/3701824397,headphones,1,d5af8ff84b401cb87634a0e3056c14d0ee49781a45b16531f6f05dd9c31fc66d
OI7_def215709bcd2bd6.jpg,train,openimages_v7,https://www.flickr.com/photos/riverdog/16558260/,keyboard;laptop,2,d27d6769acd30e3228d11edd41e7ee7dea8dae31f2ae0dc42297a6b7a2c7bd3f
OI7_dfb437e1049ca387.jpg,train,openimages_v7,https://www.flickr.com/photos/bildsprache/3907708088,keyboard;laptop,2,8d44814667aa0d6f299c581ef086674d0d1db7db41e34f9e9b35235e0e06bc20
OI7_e0a8216db991f7db.jpg,train,openimages_v7,https://www.flickr.com/photos/cidh/8559888739,laptop,1,df7eb677eff1fe456dd2e87a50bdb76ba443dde65c4ff6607672eb19ec8bb6ec
OI7_e0e2b1a84d6d4d41.jpg,train,openimages_v7,https://www.flickr.com/photos/edelmandigitalbootcamp/2301722323,laptop,1,6468c559cfb9c10220b4fe8deaf85da469e6a42af4646d8dcf0c60e885dd711b
OI7_e110c1fc73029d18.jpg,train,openimages_v7,https://www.flickr.com/photos/k9d/5111660592,headphones,1,fe1528348fe9b92f6bb73bcfc38eff569ba1e2ffd7746eec9b7b7dbab6b2301b
OI7_e1b6f8c993a48621.jpg,train,openimages_v7,https://www.flickr.com/photos/santaolalla/15284832958/,mouse,1,5c3a47943b684434acfaa64759ecab70fe9bbcb4ce68dc14db5f2d5c30a6e376
OI7_e32793f94e1e4e88.jpg,train,openimages_v7,https://www.flickr.com/photos/djhartless/417534396,laptop,1,a1f96ebae5a799911a907bde1008c27ee6137d00ce4eea9145eeab1173f69e8a
OI7_e32d76c269458449.jpg,train,openimages_v7,https://www.flickr.com/photos/uuuhyeah/336289599,keyboard;laptop,2,3c457362193d568cbc2730ce40d307578a4ff705e6944b41a67d2250a4e55a14
OI7_e61d917174e3f6ce.jpg,train,openimages_v7,https://www.flickr.com/photos/benjaminm31/20130719655,keyboard,1,d456e1e4fae1a54e1ea79c0833357a08b7ddf739973edc4ec308894398cc34f3
OI7_e6d150a7fc75c4bb.jpg,train,openimages_v7,https://www.flickr.com/photos/syobosyobo/343882553,keyboard;laptop,2,7b03c7fd57e93504f67e199bd4c25a6c8d65d8f646672af0d2729c730e2cd391
OI7_e78d98b871f38eb3.jpg,train,openimages_v7,https://www.flickr.com/photos/jhderojas/261411466,mouse,1,c269cf1a02ee82c56052188cfa87f4364b65767cd70f3c605b52855b7c867a5a
OI7_e7c519cd1695f3dd.jpg,train,openimages_v7,https://www.flickr.com/photos/robertnelson/2311802491,headphones,1,796f50a115abe9cc8f5b247aad683c562fa790508307234363ce1c4ff7de5dbf
OI7_e7f4f0470c3b2597.jpg,train,openimages_v7,https://www.flickr.com/photos/anniemole/163486867,mouse,1,37e4a3a0ed8d43210343fce50c6e9b7a087a207032eda08420a2e506d3679159
OI7_e7f7da97ef95a501.jpg,train,openimages_v7,https://www.flickr.com/photos/jfanaian/7543434968,keyboard;laptop,2,c9826c88e7432f2a50bae6fcde5515c1b24a0c53542d0f4ec2a87d40cfdaa600
OI7_e8598706f07e2a8b.jpg,train,openimages_v7,https://www.flickr.com/photos/striatic/222741410,laptop,1,f0ce85d0325be50577cfd01f6350886aa664c83bc5ac09a5247837a74c823506
OI7_e88cf5acfa238847.jpg,train,openimages_v7,https://www.flickr.com/photos/vernieman/6982883138,mouse,1,d01f900176b955e34bd706f22ed83da59cd7777695fb53f1d9239602aefe0b99
OI7_e8d027e4fe8b9567.jpg,train,openimages_v7,https://www.flickr.com/photos/joeltelling/67527198,headphones,1,b6cf4d34e19a0ca2b981e5146ff76669d3b1c32f236da4ad093af1b6b6701cea
OI7_e92cdedf23a62647.jpg,train,openimages_v7,https://www.flickr.com/photos/usarmyafrica/4456095155,headphones,1,93357885bf5baf42c33f35c67091194d33a401a78feafb0e53a5940910c497ba
OI7_e9c3d89ea09ae9ee.jpg,train,openimages_v7,https://www.flickr.com/photos/stephanski/7950993674,keyboard,1,034797a1641c4d5cb1a1701ccbaa61c379b54d069832b22cea7bcc1dc613fa96
OI7_e9c902789207a8ae.jpg,train,openimages_v7,https://www.flickr.com/photos/achi/3361869395,mouse;keyboard,2,4c8451af2edcbca901c3c4004eb0a44280737158a10d5e0660fc256e2c5128da
OI7_e9d953615c45d8a3.jpg,test,openimages_v7,https://www.flickr.com/photos/topgold/2866656227,mouse,1,46cbf599ebadef0fcc3b1bfb1b7fb2d72a98652d7c9e1ad579757d9f65b0c26a
OI7_e9e289818f9853a4.jpg,train,openimages_v7,https://www.flickr.com/photos/denero188_36624278/2333473183,keyboard;laptop,2,214521c4ca6c3d4952b3a3ec837fe2ea77d85c405be589f8ee22830d7ca99d74
OI7_ea32242f60eefff4.jpg,train,openimages_v7,https://www.flickr.com/photos/tempus7/1172644431,keyboard;laptop,2,718c84bd01d411d2e0b05b922bac3905c62c5b09c69041e5236f00c80b68fb64
OI7_eaf15e4423383868.jpg,test,openimages_v7,https://www.flickr.com/photos/risiweb/3933160013,laptop,1,937757b7024050307df4f2296f0600820744f03dfa1b1062ea4556844136e1ab
OI7_eb78ca30296803d9.jpg,train,openimages_v7,https://www.flickr.com/photos/stephendotcarter/4575228865/,headphones,1,8cbb843395898456842e7c372dc7b9b0b8d20200dcda56005cd7cadd0042b309
OI7_eb98a0c3356754e8.jpg,test,openimages_v7,https://www.flickr.com/photos/simonvanherweghe/4295838036,keyboard,1,ed33ebf10822ff02b6d8659f51fe0663abd7bd0a25564aaea00b5ec758b3041f
OI7_ed2b8fe900b67c72.jpg,train,openimages_v7,https://www.flickr.com/photos/herrea/4535077467,laptop,1,f2748da5ad3756ac073afc0ed343f12ceed43d4df3176b94d1a20878e4369541
OI7_ed345747678d591c.jpg,train,openimages_v7,https://www.flickr.com/photos/renaissancechambara/5742599274,headphones,1,70a508aaf9777ac5eff93f354383b9d82ce6d6dd0bfc018d639c102ce7031729
OI7_ed4415bee41e6e85.jpg,train,openimages_v7,https://www.flickr.com/photos/marcusspaapen/5174570324,keyboard;laptop,2,bea71304bafcafec92058b2685cd3ab7ca531f3f294370dafb804a873be32344
OI7_ee21a26ce82df0ff.jpg,train,openimages_v7,https://www.flickr.com/photos/yandle/187987701,keyboard,1,d1bdb07f5664adbbd6a9b62620622de2bcd418e0fbdbf83757cd3dfa792222db
OI7_ee24fde6d019840d.jpg,train,openimages_v7,https://www.flickr.com/photos/drodphoto/8674657324,laptop,1,4b566f9594d67d0be323946892a868b218d65383f97b8c104101eb085c4a0138
OI7_ee3ca9ff374d5212.jpg,train,openimages_v7,https://www.flickr.com/photos/flixgp/9630515724,mouse,1,0bd4fbb919d24fc6b51e293810a72250a600a557304f661bd8d51ab163783c59
OI7_eea51a6a7a9e3bd2.jpg,train,openimages_v7,https://www.flickr.com/photos/pe5pe/18451900490,keyboard,1,d3bae2f63048e4f632e4a2bb861a8490e749379b0cb47c91f1046e66147656f7
OI7_efcaa933b0347a57.jpg,train,openimages_v7,https://www.flickr.com/photos/621crw/8131878141,headphones,2,be39cf5a1673d657fd8da1fa3f69db3ee972705d1dd9c7df10312335f11d8e84
OI7_f04f1652019f663a.jpg,val,openimages_v7,https://www.flickr.com/photos/butsky/5603549351,headphones,1,c33673272b0c9024ca07c12a336ac032d790a41a48379ab50fd60567bbdfe00d
OI7_f189abb0e6869b4f.jpg,train,openimages_v7,https://www.flickr.com/photos/48126477@N05/14794148557,keyboard,1,8643c08dbbe2c7094ee720c5b68a55f0d2f0eb6e1b01de04225589b09e8bd8eb
OI7_f2d94a7ec3b1993f.jpg,train,openimages_v7,https://www.flickr.com/photos/tshrinivasan/19911588288,headphones,1,fb999c89b306ffc7c533647dc9ea0c6cf81827c5fb71a4c30bb483b87591f562
OI7_f44bf3d680396970.jpg,train,openimages_v7,https://www.flickr.com/photos/audiolucistore/7403732108,keyboard,1,b45155d2b085972b2119c2e0c27795c4b9116237186014b9428c72a3e27112d7
OI7_f4581c5e117f45dd.jpg,train,openimages_v7,https://www.flickr.com/photos/126009213@N08/14973933862,mouse,1,e987de98057f5d8e37c9e33a9c7a12b6283906bd3a74b2fd61a69dc862f7de2a
OI7_f47157a9f83d43f1.jpg,train,openimages_v7,https://www.flickr.com/photos/linsinchen/14892380448/,mouse,1,24d89f48905dec9de7b7bcf60f3e4b55f737d7afc86a80589c08718ff37e5318
OI7_f4b9206a08cc9c35.jpg,train,openimages_v7,https://www.flickr.com/photos/befuddledsenses/3473918305,keyboard,1,9ff06ba588661c6256238a30b401e82251e03f6713363e4c91974d5bdca794f8
OI7_f4d67cf4d192ff37.jpg,train,openimages_v7,https://www.flickr.com/photos/nicokaiser/6066306904/,laptop,1,9bbf916ecd807cd5fa275b5422b133b2ab91da76f49816a6facabd52e3698e67
OI7_f52485a73734f1eb.jpg,train,openimages_v7,https://www.flickr.com/photos/jelonekphotography/4697886443/,headphones,1,0ee47bad00a496d502878158291ea498174d250a8674fe5009e6a504b97245ea
OI7_f69353547a79cac3.jpg,val,openimages_v7,https://www.flickr.com/photos/aidanwojtas/3827932797,headphones,1,a18cd2f6732676d7b921d9833c801b8423968ad810fa1cc5c27d38ed0dfe2917
OI7_f75cca6b4028acba.jpg,train,openimages_v7,https://www.flickr.com/photos/pinoyed/7638361238,laptop,1,1a0cffea955f8f30081e07ebfcb788c7a687f0e6e4dba704ad4491ec9a47d3cd
OI7_f832819c27315a8c.jpg,val,openimages_v7,https://www.flickr.com/photos/jamuraa/5712449971,keyboard,1,5238ff93e46415c840c9a1aa516043b88cfd02da168fdb26ab129db7f500fca7
OI7_f88a9adfca28d690.jpg,train,openimages_v7,https://www.flickr.com/photos/sonictk/336250420,headphones,1,24c2a839c1d4811abcacdff60de7972e93fc0936d092b8da159dfb60fd90bf07
OI7_f9b086098f16ac8f.jpg,val,openimages_v7,https://www.flickr.com/photos/infrastructure/4550106620/,laptop,1,f337b432a96f4068b0a54c33c753c1d3a2b7384fbb8b9613bf9f4c13dff7654b
OI7_f9bafb6a16aff2db.jpg,train,openimages_v7,https://www.flickr.com/photos/motomachi24/4072302476,keyboard,1,328ab423d752ff268828a3d14481765fe4efc2a0e4cf26742cd638700acf37ea
OI7_fa23a3e9c9459f2a.jpg,train,openimages_v7,https://www.flickr.com/photos/tony_duell/16657921393,keyboard,1,950e118f2c7469f7118a07cfa0cd2b5f41541709b1077a4ed57d58a4ce6a67be
OI7_fb463791f054542d.jpg,train,openimages_v7,https://www.flickr.com/photos/footloosiety/2860989054,laptop,1,50d4fe43da444c0b281f6cf5ef2419fca151a9d92811b4ca68b3abb6caab4e59
OI7_fb5b186da77fd980.jpg,train,openimages_v7,https://www.flickr.com/photos/mlibrary/6875262452,keyboard;laptop,2,bab8ed1b8ebcb01c4edcfee758b4e4d304e9e18118d1aa053243064fa58683a9
OI7_fbd2a4632e37a2b8.jpg,train,openimages_v7,https://www.flickr.com/photos/raneko/2980742705,keyboard,1,af5b0982791f09d839d3af4f5d51c3489476a627e25364d3b01b67c6687970e9
OI7_fecbe8d8d5cda40a.jpg,train,openimages_v7,https://www.flickr.com/photos/goincase/5051417202,laptop,1,a969ce41f3f8f690cc965220b6c919b9b08d6eaa1b9882b63227cd4bd6a67db0
OI7_fefeea12c3751c06.jpg,train,openimages_v7,https://www.flickr.com/photos/88916251@N00/16457984190,keyboard,1,2614bb71ae1de75da1bfa6cc301f0f108090211f4a86f5987e6441fd710736e7
OI7_ff08a9a30787a421.jpg,train,openimages_v7,https://www.flickr.com/photos/banumiel/2433409809,mouse,1,b9472a27f26eadc522b6e004d6962223fc2d9661aecb40ef9d5a0caae4ba1c72
OI7_0421a6e230527185.jpg,train,openimages_v7,https://www.flickr.com/photos/esparta/3861904561,laptop,1,10c1668af6ce340ae33e57ba9dc6111f099214bd7e9f14a8f03dff414aaf63b8
OI7_0908dd33cf950266.jpg,train,openimages_v7,https://www.flickr.com/photos/orinrobertjohn/2559333952,headphones,1,b5ba67e447c79ff25cdd01fb01d76e948fa8fc45322293f770ddd433dc67f4cc
OI7_0e09767b7dab9237.jpg,val,openimages_v7,https://www.flickr.com/photos/butterflysha/59504871,keyboard;laptop,2,983ad2800f0cd327c30d9b241e6a6b9319a5f42dcffc51ded44e4e6bd12706ad
OI7_14be91e9e9170798.jpg,train,openimages_v7,https://www.flickr.com/photos/guwashi999/2403410016,keyboard;laptop,2,0175257226b2ec76cef348824c000670103541e60929feee9bdc5a3e029f9fd0
OI7_16bb316c7c76b5a5.jpg,train,openimages_v7,https://www.flickr.com/photos/yakobusan/141738938,keyboard;laptop,3,3049676abe565a9f04056fb86a093087389f2f21e46b2ad9fe39d32b248bc64c
OI7_1735d6aa0d62cb00.jpg,train,openimages_v7,https://www.flickr.com/photos/eliazar/3037733438,keyboard,1,a1045bedc599d03e593d1130d79a96777fe57b2dc12daab763301a31c9e4fb1e
OI7_1eeda2f2e8f31933.jpg,train,openimages_v7,https://www.flickr.com/photos/freddy-click-boy/3202208642,headphones,1,2edc1abf1acfab445cb2cb6a6002dd86902872b8f9480fa815cd95f4fa85afd3
OI7_1f5cf6e96f0e0690.jpg,test,openimages_v7,https://www.flickr.com/photos/cesarcardoso/6818950291,keyboard,1,90c2430a5e76fdb53811d4c4822c059d74ea5e10ad1af4da38c626e7b8b1c64e
OI7_20d72fbd291c1f84.jpg,train,openimages_v7,https://www.flickr.com/photos/rocketboom/4442467842,keyboard,1,fa99fbd24d53f45faa53ce92e5ef2c9298dc78dc3c1b6502f7b55316ba0c0760
OI7_2117bc938d9d9ea4.jpg,train,openimages_v7,https://www.flickr.com/photos/townsquare/9466663348,headphones,1,70bd4a1ba7a60ed04e85b771d17e64c03a5f8e0217894cdf13a0fd432772809d
OI7_25d9787f2ccde077.jpg,train,openimages_v7,https://www.flickr.com/photos/yto/12672448254,headphones,1,9ffab4c4b1c7c184f2c882a12081d3fa38ed011442d6bc72571914b0810c5f36
OI7_278625937aee5ee4.jpg,train,openimages_v7,https://www.flickr.com/photos/hepp/5370427737,headphones,1,44485d354d532d23d46ce815f340508133caaa101d94e7382891c866f0f3b77f
OI7_28e06ba3283aaa84.jpg,train,openimages_v7,https://www.flickr.com/photos/fawkeswei/8122191573,headphones,1,222941487edde5fb8f96a29e2460489c13c8662bc079a764bfa5598653fdb072
OI7_2c9c2d81fff100a2.jpg,train,openimages_v7,https://www.flickr.com/photos/purpaboo/3681535316,mouse;keyboard,2,2c6141204587b8ac0e8a1551383daf6f1692cfb36eeb26fb2d27d4526c4c67fd
OI7_373c26ce480f8d29.jpg,test,openimages_v7,https://www.flickr.com/photos/m0g/18669617612,headphones,1,2bb29f9beb51f71a34849efa24bd3e4c10d069b9e3740217d6b7ddbff63f95c8
OI7_3c8454d0ff068b71.jpg,train,openimages_v7,https://www.flickr.com/photos/junit16/6078796724,headphones,1,4ad31527af31ff14d02d9b8db0db77321abca98833b10888f503f66a4eb1707d
OI7_3fe67f409f9db441.jpg,train,openimages_v7,https://www.flickr.com/photos/danze26/15879582867,laptop,2,c111e3ee2133059af50b1be653e1efc2c922ca0a85aac1a9ab0449f153373aab
OI7_3fefc0feb476ed7e.jpg,train,openimages_v7,https://www.flickr.com/photos/sylvainkalache/5392052233/in/pool-6a,laptop,1,6114bf504393cd9eba959a04f36ae3608e11191d89bd45f02343da55cc3f8d0c
OI7_403656193dc35cad.jpg,train,openimages_v7,https://www.flickr.com/photos/makototakeuchi/7775526472,laptop,2,7780bb5b8a6f1ab5bddab89d610a1e0a55a44bcfcee98511b993f42a48c6a3a4
OI7_4342a7037ea1bdea.jpg,train,openimages_v7,https://www.flickr.com/photos/eabdullah/12073790223,laptop,1,06996228549ef7d3decf37b335511b8497c19090dd6dba106bc4b60180f44002
OI7_44615bece0a97866.jpg,train,openimages_v7,https://www.flickr.com/photos/horaguchi/3361793375,mouse;keyboard,2,e6fba0e8e68b28a5fd9aa08954205e526cc5484aed28f827897beecf1daf5e7f
OI7_462da63749fae994.jpg,train,openimages_v7,https://www.flickr.com/photos/kevinkrejci/6944811956,headphones,1,32bc7f02ad27b9245e8e8bff2284814f5923008e21f8ab4d23a237831f70b84a
OI7_46afaf945caee54c.jpg,train,openimages_v7,https://www.flickr.com/photos/la-mirry/2294746810,laptop,1,cedcdafb55aba1366fbed29154082726f5ac8253d68a95ebeb73af08f39303f4
OI7_47376812f3fd3aa4.jpg,train,openimages_v7,https://www.flickr.com/photos/batega/1475739236,headphones,1,3de96c59ae579b3ebde9b36699710004bd6993904cd6282748c847ff658693e0
OI7_4948a8d435d70f7d.jpg,test,openimages_v7,https://www.flickr.com/photos/dkpto/2827671260,keyboard,1,6e2e442be1bac953a7089ff6aad83b2064739f2fe99230259baca2161067054a
OI7_4bd22ced20a97685.jpg,train,openimages_v7,https://www.flickr.com/photos/husseinabdallah/11504455765,keyboard;laptop,2,d9b3c80fc3852b02dd8e158729bc9e3b809c940b4267f0dbe1507e6656d17c55
OI7_4f102a41ab8276b0.jpg,train,openimages_v7,https://www.flickr.com/photos/sunil_soundarapandian/16201435753,headphones,1,97bc3bc92a4b98b412a678ab24582d6696382bb40aae0a409ffba05c6beb6cc6
OI7_4fe2fb3816b91c44.jpg,train,openimages_v7,https://www.flickr.com/photos/juanpol/1663593,mouse,1,6f59b621c9375b3c4b29dbcc8d6bed342f25baa5bbb6c805d1a470ab5b1ef06d
OI7_507d5beadbfbb1b4.jpg,train,openimages_v7,https://www.flickr.com/photos/epredator/640012939,keyboard,1,4e297ea86735998a065dcca4aa97f52767891a45b79852eb8cb1c65c43c7bffc
OI7_5154dcba9b9dfe0b.jpg,test,openimages_v7,https://www.flickr.com/photos/somegeekintn/3809420605,headphones,1,4965ab40ffa5e193e9145037471384ebc3483ec3cb37bc2bd12c019d869e85f2
OI7_55709f00b158ee38.jpg,train,openimages_v7,https://www.flickr.com/photos/lawtonchiles/3304856265,keyboard;laptop,2,5a51e4eb56dff887fdc5c25aa49a0824a391df497d25082e5f48b838b7fa891c
OI7_579a1a7868334127.jpg,train,openimages_v7,https://www.flickr.com/photos/jooon/1800689004,mouse,1,12e41203f664a3c4cdf6e852b90d5b62abe5b423591c5a6276242d7b77d2b0cc
OI7_5907a0344543cd13.jpg,train,openimages_v7,https://www.flickr.com/photos/srboisvert/16188435509,mouse,5,68741472f4203b6b1a7c32f910cdcc4c95a1f989e91cbc5074696f2deb075da0
OI7_5bcc87c13b42e844.jpg,train,openimages_v7,https://www.flickr.com/photos/koekiehaas/3226275878,laptop,1,85a8b40c6f29eae3626447e9cbf183196f62b1b59d2622da50d443fe3449af4a
OI7_5e831cbdbb666c0d.jpg,train,openimages_v7,https://www.flickr.com/photos/lesliejones_rstrctd/8404382447/,headphones,1,54b018c9b395897361dd5d389daef4c90cd0c095ff8402b6a6fbe40c89cc1bfb
OI7_6261fb5e6bc208be.jpg,train,openimages_v7,https://www.flickr.com/photos/80358908@N06/7447096844,keyboard,1,1e73e2b6a745326374d7affb2689913ea55e38f53db2c30e118d26dac59ec45d
OI7_62c3a0c8ce3a6ac6.jpg,train,openimages_v7,https://www.flickr.com/photos/knottyboywayne/655343,headphones,1,4e2f52c10a733987c2de66942233f4396a5ebbb4fc73e7cafd162fb14d06a829
OI7_681808035e8c6442.jpg,train,openimages_v7,https://www.flickr.com/photos/vernieman/7194342536,headphones,1,cc856934db4c11d4920704908cef857ec4e4b4d956ccdd0115e40ad91afa2a7e
OI7_695b4fc14d56e32c.jpg,test,openimages_v7,https://www.flickr.com/photos/bacteriano/2465240011,keyboard;laptop,2,b87b9d639d7afd54f98dce5b9d8a35db2c700a6a4cd4298c7ce05ea9dc20c70b
OI7_6ee72e953b30a67b.jpg,train,openimages_v7,https://www.flickr.com/photos/geojono/368050222,mouse,1,bfc2107dfa2885cbf5a91e23eafd0bdd4e55145c220719da9f5a250a0206a2d8
OI7_71037fe3d8da73aa.jpg,train,openimages_v7,https://www.flickr.com/photos/pittaya/3037142368,laptop,1,f35c50ceb680a41f9cf5dc42ed78e612280293f28d38192553f9f9cf4b19d8ba
OI7_7408fef212a5d3bc.jpg,train,openimages_v7,https://www.flickr.com/photos/photographingtravis/15297573662,mouse;keyboard;laptop,3,3e0406819c15de87895bbb48055aa92b557000c7a9fbb1d319eae00c2d40bae2
OI7_749bd801be2b5be7.jpg,train,openimages_v7,https://www.flickr.com/photos/shawnzlea/2249111402,keyboard,1,4556d29cbe86ba3da4af1cec8252de90cba012c9729d10fbbc8d00ac789be9b7
OI7_74d9c3ea2244fe8f.jpg,train,openimages_v7,https://www.flickr.com/photos/thesmiler/14249748354,headphones,1,2b691588996ea455be52fec4369bbd7965be011b1e20a7c2c6e3126f30fbcfc6
OI7_74fe00dcf307c42e.jpg,train,openimages_v7,https://www.flickr.com/photos/naturegeak/6146005190,keyboard,1,c97bf4993b4c7697d40ed3caff78ce1693a169b9a6b62a8d67962ad2ba0e0f86
OI7_766de0978874e4ad.jpg,train,openimages_v7,https://www.flickr.com/photos/thomcochrane/5952284090,laptop,3,d47bebc705f1511697fa35df3425c4cee9760a0a4247a1dddbec0f35f1d58d9b
OI7_7f23e1de7320aebd.jpg,train,openimages_v7,https://www.flickr.com/photos/mkzero/17161423530,keyboard;laptop,2,f7c9a170ab8b40da6d5f6cadf00f49ddc9b2719215a4791ee97299ea0ece1ed3
OI7_802ea6a6898b0d8c.jpg,val,openimages_v7,https://www.flickr.com/photos/yy1122/8526917223,headphones,1,3e1bdd2b877918ae9daca56f791f6658dfd8eb81fe4de0c78d0b726fa8e1978e
OI7_82ec287514404742.jpg,train,openimages_v7,https://www.flickr.com/photos/60484182@N00/3330463411,keyboard,1,16e9bd5bf5bfe4f4b17261af112f4e3982bd46ce14263057e7253c63312f8878
OI7_843b65da2d2f213e.jpg,train,openimages_v7,https://www.flickr.com/photos/chrigu/4258914867,laptop,1,abf1eef8167f34032b68f09a92769aae6f71217b8cdfd18b9880c21938e332f9
OI7_84603b2dba0e4eb3.jpg,train,openimages_v7,https://www.flickr.com/photos/wearesocial/7996737041,laptop,1,6a86ebefc969eef0f2a826163dac7879b2f799b82b167d166e8127d13b0e8907
OI7_8509d5c40c40b78a.jpg,val,openimages_v7,https://www.flickr.com/photos/namsj/21855046725,mouse,1,4d870d33cf27f1a08d9fa00fb08da99316b383d536d924120db35228a3df99f4
OI7_8d0b1e22cc02c96a.jpg,test,openimages_v7,https://www.flickr.com/photos/toddneville/130345425,keyboard,1,6c577ed48934ba8f476855521aa0a0f577b44262c99832c2d197165ddd254191
OI7_8e95a33ddc1c093d.jpg,train,openimages_v7,https://www.flickr.com/photos/90941490@N06/16271647292,headphones,1,cd573825904b14ba48b59006b667572f249804dff8cff7c977040b9e8c712cef
OI7_8f2e423a486c893b.jpg,train,openimages_v7,https://www.flickr.com/photos/istolethetv/3479871193,keyboard,1,bbe548e7cb14cb4b51642d4aecbebfe90cf7e190adebc204b6171a1ff0a5895a
OI7_9062afa58c7af78a.jpg,train,openimages_v7,https://www.flickr.com/photos/dcl/185817700,laptop,1,7fb13e3514580ae9fe1f84155a8e3e9cc5458569d6ac3020199a31660c92b639
OI7_91050cbd94f33e90.jpg,test,openimages_v7,https://www.flickr.com/photos/99781513@N04/16662111864,keyboard,1,00893c91f919a9412d40b7286a0a8c56ff454711d23541119b77fa4cb6a064aa
OI7_9179c65d79619957.jpg,train,openimages_v7,https://www.flickr.com/photos/aurelian_s/3826017498,keyboard;laptop,2,9c6a70450c70b0b31efd8a9da0a2076b414d80da9fcbae198d71fc0f027cf7ef
OI7_980d86950a374b74.jpg,train,openimages_v7,https://www.flickr.com/photos/aloha75/14061739817/,headphones,1,d96b6c769a19ceb5be76202baf700782e221da134d7b221149e6149a5d2feaf0
OI7_98f25c64461ba4a2.jpg,train,openimages_v7,https://www.flickr.com/photos/downloadsourcefr/14962166353,keyboard;laptop,2,d7db404d0aca5e7a59c9413db815d10a2e2f6fc35e278af957abcf1e2a3d01c5
OI7_9b7b64ac71066255.jpg,train,openimages_v7,https://www.flickr.com/photos/nyuhuhuu/8501340666,keyboard;laptop,2,eb3e4dd07ae276ccfa3295a9d3f94806e4a6524d8745b5cef5c334a10d62df3c
OI7_9e2c53451ec7bbc0.jpg,test,openimages_v7,https://www.flickr.com/photos/e-governance/11121818035,laptop,4,8dc449e15650c40f2931359fbd8936e0d153e3909b43662ac54ec646c3b79ac1
OI7_a2c3dedcab286534.jpg,val,openimages_v7,https://www.flickr.com/photos/masuidrive/6653241557,headphones,1,9b8357d1b86a343c3e82c2e9a6795c71b6addcd5b66a842890d26d07e22a1653
OI7_a350fd1b187d4244.jpg,train,openimages_v7,https://www.flickr.com/photos/yxejamir/3863772225,keyboard,1,9c3e0623d34ce94ecf1fa1732c7d37a3c6b7399a9493c0bc151f4f3f53c72ca2
OI7_a3a73afe097efbfa.jpg,train,openimages_v7,https://www.flickr.com/photos/carrotmadman6/3101829919,keyboard,1,8f1d7f0e705fd19d222c1b74cd26c3b9dedeef50730d1cef8244bf0be9c746b1
OI7_a8b164235b631065.jpg,test,openimages_v7,https://www.flickr.com/photos/rhysasplundh/5738556102,headphones,2,1e3a70180aaba4b713b222ab7890d5aec5035d1e491cb0a507b3c1728bac98b0
OI7_af77c5cfa195ea0c.jpg,train,openimages_v7,https://www.flickr.com/photos/jvcamerica/6140608340,headphones,1,ddba384ab44725d0f1044d04f90784f83e1e0f9ce9d889a172ff15ede97199be
OI7_afb9e722b91f70da.jpg,train,openimages_v7,https://www.flickr.com/photos/toprankblog/1189440249,keyboard;laptop,2,409e788ae9f8f264f8679d5a54ab51bde1a61376db3a571a83a47b7194a3c476
OI7_afbc7e1aac2dc61d.jpg,train,openimages_v7,https://www.flickr.com/photos/58827557@N06/13520000063,headphones,1,8412c0fe1ff2f2bc0414cc739b660ab1f11eebd27b7c02686d6fdcabfde5e4a8
OI7_b0a6eb74f9722e8b.jpg,train,openimages_v7,https://www.flickr.com/photos/slushpup/278309162,keyboard;laptop,2,33eb833c92e2ace580e02c4ae59eeabcee210b648b6d52d950e0b0e41c2e10b5
OI7_b4c3b7b7d76b2bf2.jpg,train,openimages_v7,https://www.flickr.com/photos/bfishadow/4865410766,headphones,1,143d71ed21bbd8ac098912a797606a04d6432b39f29e5dbef4e06361c56eebe9
OI7_b79ee19cc605140a.jpg,train,openimages_v7,https://www.flickr.com/photos/olpc/2880149152,keyboard,1,f93164e94ac0f1de3c110aa3070762a183b39c4d866c75fc9abea72199bf1298
OI7_ba246c102bf13a92.jpg,train,openimages_v7,https://www.flickr.com/photos/lissjasmin/6324231116,keyboard,1,d2bc61ea61ee31fced0879c976b1e207894cab23dd340ee66aba3cef36ebf430
OI7_bc052e81ba63c54b.jpg,train,openimages_v7,https://www.flickr.com/photos/jrgd/4890449528,keyboard;laptop,2,0a4543cfbbcfae6b3b4f34ba09f01191effe6a717b56ad0d96b61bb86433bf4b
OI7_bc37ccba2857d1e7.jpg,train,openimages_v7,https://www.flickr.com/photos/leomei/2651051995,headphones,1,40708beff259e29821d2c5d1fa50e51c59c3ffb1df93d825b14b43ac2a7c916b
OI7_bfe4e92a6abafe46.jpg,train,openimages_v7,https://www.flickr.com/photos/dustpuppy/7604089730,keyboard,1,149ea78793db502227fe2037e84a067a67ec8433499ec2a87bc6f583fb6d38cd
OI7_c95d9c2d3db9c72c.jpg,train,openimages_v7,https://www.flickr.com/photos/armydre2008/3332094346,mouse,1,89de14331e194e8c1ec38c771acfb6d83ed4fa73a175c878b35e00a3650a3b98
OI7_c9d9cea323d50bae.jpg,test,openimages_v7,https://www.flickr.com/photos/meandmyshadow/4553628250,headphones,1,01cbb4566eef3adbd4a6784b97f292a11ca9a961dd1837997dd9cf7bac6740de
OI7_caede041e92b55c7.jpg,train,openimages_v7,https://www.flickr.com/photos/jemimus/4906739233,keyboard,1,3af21a63cf18930b84db251534fe34ced91f026cb78ce1e91e3890555e3f4b73
OI7_cfbd0ea8d3acc635.jpg,val,openimages_v7,https://www.flickr.com/photos/sparkfun/16222925751,keyboard,1,444d7cc81a614de4bdb7d53d981da9fb2ddd5d268a4d484d71a251bf21ace8ed
OI7_d0f4244d04835dc4.jpg,train,openimages_v7,https://www.flickr.com/photos/85799360@N06/7906051834,keyboard;laptop,2,5316db8a3b90f16322fa65944975995bd08786c05dd1ed885d135b26a9d1ee9b
OI7_d38e1365450ab89e.jpg,train,openimages_v7,https://www.flickr.com/photos/ymrl/5350550639,keyboard;laptop,2,bf4348ed4c3ec4a6008ceed6896cb91d75feffd03d6c020727934cf15504ec65
OI7_d540c2a75cbb78ea.jpg,train,openimages_v7,https://www.flickr.com/photos/18474854@N00/4656997785,keyboard;laptop,2,3e77068218c494e372012c0bdf8095fdc1e10cd750a523109a6d843d727a9ede
OI7_d75cf2c450cfedf8.jpg,train,openimages_v7,https://www.flickr.com/photos/kobakou/16784464633,headphones,1,9b47fd1fe85b85a61762f09dc14b56ace3282d22a78766f930cf62ef60f8f01a
OI7_d871866d69f583d1.jpg,train,openimages_v7,https://www.flickr.com/photos/vanf/8413160447,headphones,1,ed4f42d811d9c1a9c2abd1c3c8f662d0f7a1d495f86d4061d932e031557f4601
OI7_dab2223483fd7b34.jpg,train,openimages_v7,https://www.flickr.com/photos/gmahender/4047403467,keyboard,1,9bbe1cacfc2fd0ff75aac8e8bbfd19da8246baf3404484d774e3cd836a48708c
OI7_db46e0a40b88e6ec.jpg,val,openimages_v7,https://www.flickr.com/photos/nihonbunka/46329607,headphones,1,d5574d5c9f32a20c2ea1c4b789d052f9fe31658d04a163129423ae5d3265ae44
OI7_dbcf1866b9c54b9c.jpg,train,openimages_v7,https://www.flickr.com/photos/ernestduffoo/5474475382,laptop,1,b27ea499dee163841ee5c011ec00223d3daa9b5fc229e75f25ae0d0f080d1e7f
OI7_defb4911c2df3880.jpg,train,openimages_v7,https://www.flickr.com/photos/mskogly/151147943,keyboard,1,57ec9ee9ca0e2ed18eb542439e0b14a969e03f14157b4ec8853a84a303c574b0
OI7_e0fd5aedea8ec7d3.jpg,val,openimages_v7,https://www.flickr.com/photos/ci_polla/21058848450,laptop,1,8d75c723c7652396ee6ab3f28daedc16d021e0cc0e0ca0a09d39219872f8d83f
OI7_e18f8379d3e272b5.jpg,train,openimages_v7,https://www.flickr.com/photos/evablue/5738800135,laptop,2,cb04274759648e49e43893f8f93810dedd282efec5a657a0222721396cdec9c9
OI7_e3d9a16b0b22bb6f.jpg,train,openimages_v7,https://www.flickr.com/photos/mrbill/274832860,keyboard,1,6176eeb45a80a97369f73185bf474f5195b7d439ad2ff4472a4f0d60eb2998e8
OI7_e4de4f4143491a9d.jpg,train,openimages_v7,https://www.flickr.com/photos/betsyweber/4913332173,keyboard;laptop,6,9695e93883be04b7b8d6826fb4ad0cb2affcdfeaea648245671dd65baff9f7e0
OI7_e8764046138cd63b.jpg,train,openimages_v7,https://www.flickr.com/photos/psd/2002329062,laptop,1,0eea6fe3a7826924bf41d388590c04660a75cab227a7dedacf9056d616c9ed81
OI7_ea1f6d8b3ad4a5dd.jpg,train,openimages_v7,https://www.flickr.com/photos/23925460@N04/4751971982,headphones,1,f6e81d0915cfcde19a4bec06bb1d658ae6d70edec7fd787e7c98c7822abbf904
OI7_eb86d7c511ddeb02.jpg,train,openimages_v7,https://www.flickr.com/photos/pestoverde/12586053695,keyboard;laptop,2,2f61a6fbb7fb6281e099626fa9d2f377522cb6641cbff643f96069890d92b128
OI7_eb99cee1f01b08ff.jpg,val,openimages_v7,https://www.flickr.com/photos/striatic/131932697,keyboard,1,def9c90c1dd31049351b01d52182fc3265db49844ed68893daf9e9d285c01ad1
OI7_ec141bdfee0b4711.jpg,train,openimages_v7,https://www.flickr.com/photos/dmje/5187721242/,keyboard,1,8955686d27341a06ffdfeb2f73ded0ae75dc54209dba47b659d539d8ccc4e93a
OI7_ed451f022b96c25d.jpg,train,openimages_v7,https://www.flickr.com/photos/rdecom/18937779732,laptop,2,3cf1d129656fdf7a1f3dd451c75ff1f956c2d061c05fa74bc5ea6ed5d5099102
OI7_ed4fcc1defe53f54.jpg,test,openimages_v7,https://www.flickr.com/photos/cinz/10796440786,keyboard,1,b502e89f2548a8d279d83af8f7b5e54656669cceda8bc662a0df38d1bd625f3d
OI7_ee3d2c89a8ff0ce4.jpg,train,openimages_v7,https://www.flickr.com/photos/baltimike/307917392,keyboard,1,4843eafa7cf7ba11a294891e6fa862fe446ada2e5f09055db11cdca68e88b757
OI7_f029612bd0b6e86c.jpg,train,openimages_v7,https://www.flickr.com/photos/alunwk/3847133787,laptop,1,a440a8f014f85d1eef3fbbe0448fb4eca0ffa71a001fe5bac1956a5363bf75a9
OI7_f1ea6128c736f9cd.jpg,train,openimages_v7,https://www.flickr.com/photos/gbpublic/8589379742,headphones,1,6459cbf64f4cb12e23b599f95ed3cebc7418313742b92f2cccc822fb51a65db3
OI7_f5f77d3a50ea6e21.jpg,train,openimages_v7,https://www.flickr.com/photos/eyeliam/2544333973,keyboard,1,758b7e6fb17f48822a9d400ad26f3c65aa476ea7e7787c4d92d37fccf2ddfa85
OI7_f89ec0ec1738e399.jpg,train,openimages_v7,https://www.flickr.com/photos/jemimus/4035192653,keyboard;headphones,2,c07e638b34ed8b0cdd98b7d8642fb68882520e3eda870b9fbcffbf353f8351ea
OI7_fce8194fab48c500.jpg,test,openimages_v7,https://www.flickr.com/36013185@N08/14097323288/,laptop,1,dca175b5c7dfd7eb9042dcd63ab0c8b337d8d0f5e9c9f4dfecadf4d60debac41
OI7_fed5ef790d653fde.jpg,val,openimages_v7,https://www.flickr.com/photos/racum/3425057502,keyboard;laptop,2,6114837b5c2700a4323f06023d34abecd6829d6a41ef3e3b4c83e5ba063dccb8
